key,job_role,job_title,company_name,skills,job_type,location,experience
1,Data Engineer,Data Engineer,Synechron Technologies Private Limited,"Data Engineer,Big Data,Hadoop,Hive",Full time,"Bengaluru / Bangalore, Pune",5-10 Years
2,Data Engineer,Data Engineer- OBIEE,LTIMindtree Limited,"Business Intelligence,OBIEE,Data Warehouse",Full time,"Bengaluru / Bangalore, Mumbai",3-8 Years
3,Data Engineer,Data Engineer (Spark/Streaming),Synechron Technologies Private Limited,"Data Engineer,Big Data,Spark,Streaming",Full time,"Chennai, Hyderabad / Secunderabad, Telangana",5-10 Years
4,Data Engineer,GCP Data Engineer,LTIMindtree Limited,"""GCP"",Python,Sql,Cloud Computing",Full time,Mumbai,3-8 Years
5,Data Engineer,Data Engineer,Synechron Technologies Private Limited,"Data Engineer,Big Data,Hadoop,Hive",Full time,Mumbai,5-10 Years
6,Data Engineer,Principle Data Engineer,Synechron Technologies Private Limited,"Principle Data Engineer,Big Data,Hadoop",Full time,Mumbai,15-20 Years
7,Data Engineer,Data Engineer,Synechron Technologies Private Limited,"Data Engineer,Big Data,Hadoop,Hive",Full time,"Chennai, Hyderabad / Secunderabad, Telangana",5-10 Years
8,Data Engineer,Principle Data Engineer,Synechron Technologies Private Limited,"Principle Data Engineer,Big Data,Hadoop",Full time,"Bengaluru / Bangalore, Pune",15-20 Years
9,Data Engineer,Data Engineer - OACS,LTIMindtree Limited,"OACS,OAC,OAS,OBIEE",Full time,Mumbai,3-8 Years
10,Data Engineer,Data Engineer (Spark/Streaming),Synechron Technologies Private Limited,"Data Engineer,Big Data,Spark,Streaming",Full time,Mumbai,5-10 Years
11,Data Engineer,Data Engineer (Spark/Streaming),Synechron Technologies Private Limited,"Data Engineer,Big Data,Spark,Streaming",Full time,"Bengaluru / Bangalore, Pune",5-10 Years
12,Data Engineer,Principle Data Engineer,Synechron Technologies Private Limited,"Principle Data Engineer,Big Data,Hadoop",Full time,"Chennai, Hyderabad / Secunderabad, Telangana",15-20 Years
13,Data Engineer,Data Engineer,Synechron Technologies Private Limited,"Data Engineer,Spark,Hive,Sqoop,Kafka",Full time,"Chennai, Pune",7-10 Years
14,Data Engineer,Data Engineer Ab Initio,Brain Management Consultants India Private Limited,"Ab Initio GDE,Ab Initio,Abinitio",Full time,"Bengaluru / Bangalore, Gurgaon / Gurugram",3-10 Years
15,Data Engineer,Data Engineer,Synechron Technologies Private Limited,"Data Engineer,Spark,Hive,Sqoop,Kafka",Full time,Gurgaon / Gurugram,7-10 Years
16,Data Engineer,"Data Engineer II, Amazon Last Mile",Amazon Music,"aws,Java,python,Scala,Sql",Full time,India,3-5 Years
17,Data Engineer,Consulting-BO-Cloud Engineering-GCP Data Engineer-Chennai,Deloitte,"python,mysql,Apache Spark,sql server",Full time,"Chennai, India",2-4 Years
18,Data Engineer,Consulting-BO-Cloud Engineering-AWS Data Engineer-Consultant,Deloitte,"snowflake,CloudTrail,Glue,AWS,Sql",Full time,"Mumbai, India",3-5 Years
19,Data Engineer,Azure Data Engineer,ITC Infotech India Limited,"Technical,Infrastructure,Cloud,Azure",Full time,"Bengaluru / Bangalore, India",Fresher
20,Data Engineer,"Sr. Data Engineer (Datawarehouse , ETL , Cloud ,PySpark ) 10+ years",Western Digital,"Data Modelling,PL/SQL,Oracle Database Management",Full time,"Bengaluru / Bangalore, India",7-10 Years
21,Data Engineer,Azure Data Engineer,ITC Infotech India Limited,"Technical,App Development,Devops,Azure Devops",Full time,"Bengaluru / Bangalore, India",Fresher
22,Data Engineer,Data Engineer - Azure,ITC Infotech India Limited,"notebooks development,Data bricks,Azure",Full time,"Gurgaon / Gurugram, India",3-6 Years
23,Data Engineer,"Data Engineer II, Amazon Last Mile",Amazon Music,"aws,Java,python,Scala,Sql",Full time,India,3-5 Years
24,Data Engineer,Consulting-BO-Cloud Engineering-Senior Consultant-GCP Big data Data Engineer-Chennai,Deloitte,"python,mysql,Apache Spark,sql server",Full time,"Delhi, India",5-8 Years
25,Data Engineer,Consulting-BO-Cloud Engineering-Senior Consultant-GCP Big data Data Engineer-Delhi,Deloitte,apache spart/cdh/hdp/emr/google dataproc/hd-insights distributed processing,Full time,"Delhi, India",4-8 Years
26,Data Engineer,Expert Data Engineer,Schneider Electric,"Azure Pipelines,Github actions,R,CI/CD",Full time,"Bengaluru / Bangalore, India",6-8 Years
27,Data Engineer,Data Engineer-Python,NTT Data,"plotly dash,parquet,Azure,python,Pandas",Full time,"Bengaluru / Bangalore, India",0-2 Years
28,Data Engineer,Senior Data Engineer - Data Analytics Competence GECIA,Atlas Copco,"Tibco Data Virtualisation,Data Modelling,Power Bi",Full time,"Pune, India",2-3 Years
29,Data Engineer,Senior Principal Data Engineer,GSK,"ADLS V2,Safe,Architecture Design,Domain-driven Design",Full time,"Bengaluru / Bangalore, India",15-17 Years
30,Data Engineer,Sr. Data Engineer - Finance Data Analytics,Crowdstrike,"Airflow,snowflake,Data Modelling,SFDC",Full time,"Bengaluru / Bangalore, India",0-2 Years
31,Data Engineer,Data Engineer II-Big Data,Chase Bank,"Sql,Databricks,Emr,Java,AWS Glue",Full time,"Bengaluru / Bangalore, India",2-4 Years
32,Data Engineer,Azure Data Engineer,ITC Infotech India Limited,ETL | PYSpark Azure,Full time,"Bengaluru / Bangalore, India",Fresher
33,Data Engineer,AWS DATA ENGINEER,TE Connectivity,"Sql,Etl,Aws Services,Aws Redshift,Oracle",Full time,"Bengaluru / Bangalore, India",3-5 Years
34,Data Engineer,Data Engineer III-Big Data,Chase Bank,"Flink,Sql,Emr,Java,AWS Glue,Nosql",Full time,"Bengaluru / Bangalore, India",3-5 Years
35,Data Engineer,Data Engineer - Cloud Data Platform,Qualcomm,"Data APIs,SAFe Agile Scrum,Polyglot persistence",Full time,"Hyderabad / Secunderabad, Telangana, India",3-5 Years
36,Data Engineer,Data Engineer II-Big Data,Chase Bank,"Sql,Databricks,Emr,Java,AWS Glue",Full time,"Bengaluru / Bangalore, India",2-4 Years
37,Data Engineer,Data Engineer II-Big Data,Chase Bank,"NoSQL databases,Sql,Databricks,Emr",Full time,"Bengaluru / Bangalore, India",2-4 Years
38,Data Engineer,Staff Big data Engineer,servicenow,"Kudu,Hadoop,Rabbitmq,Groovy,Java",Full time,"Hyderabad / Secunderabad, Telangana, India",6-9 Years
39,Data Engineer,Data Engineer,ITC Infotech India Limited,ETL | PYSpark Azure,Full time,"Bengaluru / Bangalore, India",Fresher
40,Data Engineer,Data Engineer II-Big Data,Chase Bank,"Sql,Databricks,Emr,Java,AWS Glue",Full time,"Bengaluru / Bangalore, India",2-4 Years
41,Data Engineer,Software Engineer III - AWS Data Engineer,Chase Bank,"Analytical Skills,Aurora,Lambda EC2,cloud platforms",Full time,"Hyderabad / Secunderabad, Telangana, India",2-3 Years
42,Data Engineer,Data Engineer II-Big Data,Chase Bank,"Sql,Databricks,Emr,Java,AWS Glue",Full time,"Bengaluru / Bangalore, India",2-4 Years
43,Data Engineer,Data Engineer III-Big Data,Chase Bank,"Flink,Sql,Emr,Java,AWS Glue,Nosql",Full time,"Bengaluru / Bangalore, India",3-5 Years
44,Data Engineer,Principal Data Engineer,GSK,"big-data processing,Power Apps,Safe,AKS",Full time,"Bengaluru / Bangalore, India",7-10 Years
45,Data Engineer,"Senior, Data Engineer",Walmart Global Tech India,"GCP Pub/Sub,Airflow,Java,Hadoop,Cassandra",Full time,"Bengaluru / Bangalore, India",3-7 Years
46,Data Engineer,Principal Consultant-Senior Data Engineer,Genpact,"Python,Sql,graph databases,AWS,Etl",Full time,Pune,5-10 Years
47,Data Engineer,"Data Engineer, IN Data Engineering & Analytics",Amazon Music,"Warehousing,ETL pipelines,Sql,SSIS,AWS Infrastructure",Full time,India,1-3 Years
48,Data Engineer,Senior Data Engineer for Enterprise AI/ML,Oracle,"data pipelines,Data Flow,data scientists",Full time,"Bengaluru / Bangalore, India",0-2 Years
49,Data Engineer,Azure Data Engineer in a reputed company .,Talentico Consultancy Services,"Mandatory skills- Azure Cloud expertise,Synapse/Pyspark Good to have- Java",Full time,"Bengaluru / Bangalore, Chennai",7-12 Years
50,Data Engineer,Deputy Manager_Assistant Lead_GCP Data Engineer_Pune,Vodafone,"GCP DataProc,Nosql,BigQuery,Pyspark",Full time,Pune,5-9 Years
51,Data Engineer,Senior Data Engineer - Data Analytics Competence GECIA,Atlas Copco,"Ac,Tibco Data Virtualisation,Sql,Power Bi",Full time,"Pune, India",2-3 Years
52,Data Engineer,Senior Data Engineer,Oracle,"Business Intelligence,Sql,Data Science,Etl",Full time,"Hyderabad / Secunderabad, Telangana, India",0-2 Years
53,Data Engineer,"Principal Consultant, Data Engineer",Genpact,"snowflake,Java,Sql,Etl,Autosys,Cloud",Full time,Bengaluru / Bangalore,0-2 Years
54,Data Engineer,"Principal Consultant, Data Engineer",Genpact,"snowflake,Java,Sql,Etl,Autosys,Cloud",Full time,Bengaluru / Bangalore,0-2 Years
55,Data Engineer,Sr. Azure Data Engineer.,Happy Square Outsourcing Services Private Limited,"URL,Azure Cloud,Azure,AWS,DataBricks",Full time,Mumbai,5-11 Years
56,Data Engineer,Deputy Manager_Assistant Lead_GCP Data Engineer_Pune,Vodafone Intelligent Solutions,"GCP DataProc,Pyspark,BigQuery,Sql,Etl",Full time,"Pune, India",5-9 Years
57,Data Engineer,Azure Data Engineer,GSPANN Technologies,"Azure Blob Storage,Azure Data Factory,Azure Data Lake",Full time,"Gurgaon / Gurugram, Hyderabad / Secunderabad, Telangana",6-15 Years
58,Data Engineer,Data Engineer,Dmaic Academy And Consultancy,"Databrick,Python,Pyspark",Full time,Coimbatore,6-12 Years
59,Data Engineer,Senior Data Engineer (Pyspark),Cognizant,"Pyspark,Sql,AWS Glue",Full time,"Hyderabad / Secunderabad, Telangana, India",2-4 Years
60,Data Engineer,Principal Consultant-Lead Data Engineer,Genpact,"Python,Sql,graph databases,AWS,Etl",Full time,Bengaluru / Bangalore,5-10 Years
61,Data Engineer,Senior Manager_Project Manager_GCP Sr. Data Engineer/GCP Architect_D&A_Pune,Vodafone,"Big Query,Cloud Spanner,GCP Compute",Full time,Pune,6-10 Years
62,Data Engineer,Data Engineer III,Walmart Global Tech India,,Full time,"Bengaluru / Bangalore, India",Fresher
63,Data Engineer,Senior Lead Data Engineer,GSK,"Airflow,Data virtualization,DataLake,Map Reduce",Full time,"Bengaluru / Bangalore, India",6-9 Years
64,Data Engineer,Data Engineer,Company name confidential,"Scala,Spark","Work From Home, Full time",Bengaluru / Bangalore,0-4 Years
65,Data Engineer,senior data engineer.,Randstad,"Procedures,Relational Databases,standardizing",Full time,"Hyderabad / Secunderabad, Telangana",0-2 Years
66,Data Engineer,Lead Consultant-DBT Data Engineer,Genpact,"Python,Sql,graph databases,AWS,Etl",Full time,Bengaluru / Bangalore,0-2 Years
67,Data Engineer,Data Engineer - AWS Pyspark developer,Cognizant,"Parquet,orc,AWS,Sql,Bash,Csv,Json",Full time,"Gurgaon / Gurugram, India",3-9 Years
68,Data Engineer,Lighthouse Pyspark Data Engineer,KPMG,,Full time,Bengaluru / Bangalore,Fresher
69,Data Engineer,Data Engineer,CGI,"Data Analysis,python,Data Architecture",Full time,"Pune, India",5-7 Years
70,Data Engineer,Consulting-BO-Cloud Engineering-Senior Consultant-GCP Data Engineer,Deloitte,,Full time,"Bengaluru / Bangalore, India",Fresher
71,Data Engineer,Senior Data Engineer,United Breweries,"scalable,functional programming languages",Full time,"Gurugram, Gurgaon / Gurugram",4-6 Years
72,Data Engineer,"(IND) SENIOR, DATA ENGINEER",Walmart Global Tech India,"Big Query,Airflow,data migration protocols",Full time,"Bengaluru / Bangalore, India",2-6 Years
73,Data Engineer,Data engineer,Ericsson,"Analytics,Process Query Language,Celonis",Full time,"Bengaluru / Bangalore, India",3-5 Years
74,Data Engineer,Lead Data Engineer,United Breweries,"AWS,Sql,S3,Apache Flink,Dynamodb",Full time,"Gurugram, Gurgaon / Gurugram",7-9 Years
75,Data Engineer,Senior Data Engineer (Talend),Nissan Motor Corporation,"NO-SQL,snowflake,S3,Spark Streaming",Full time,"Thiruvananthapuram / Trivandrum, India",4-6 Years
76,Data Engineer,Data Engineer,Careernet,"snowflake,python,cloud,Data Warehousing",Full time,"Bengaluru / Bangalore, India",5-7 Years
77,Data Engineer,Advisory-Management-Pyspark Data Engineer Assistant Manager,KPMG,"process analytics,Microsoft Azure,Data Science",Full time,"Gurugram, Gurgaon / Gurugram",0-2 Years
78,Data Engineer,Big Data Engineer,CGI,"python,Scala,shell scripting,hadoop",Full time,"Bengaluru / Bangalore, India",Fresher
79,Data Engineer,"Data Engineer, Davengers(Data Avengers)",Amazon Music,"Unit test cases,Matillion,Dwh,Sql,Vertica",Full time,India,3-5 Years
80,Data Engineer,Data Engineer,HCLTech,"scrum ceremonies,Agile Methodology,python",Full time,"Pune, India",0-2 Years
81,Data Engineer,Azure Data Engineer with Databricks and PySpark,Birlasoft,"Azure Services,Technical Specification Design",Full time,"Bengaluru / Bangalore, India",6-12 Years
82,Data Engineer,Data Engineer,Salesforce,"Data Migration tool,Salesforce Flow,force.com",Full time,"Hyderabad / Secunderabad, Telangana, India",4-6 Years
83,Data Engineer,DATA ENGINEER III,Walmart Global Tech India,"R,Plotly,Looker,Matplotlib,Powerbi,Seaborn",Full time,"Bengaluru / Bangalore, India",3-4 Years
84,Data Engineer,DATA ENGINEER III,Walmart,"Airflow,BiqQuery,metadata driven development",Full time,"Chennai, India",3-6 Years
85,Data Engineer,Azure Data Engineer,TEKsystems,"cloud platforms,ADP,MS Tech-Stack,Azure Data Bricks",Full time,"Bengaluru / Bangalore, India",4-8 Years
86,Data Engineer,Data Engineer I,Nissan Motor Corporation,"Cloud Platforms,snowflake,NO-SQL,Data Modelling",Full time,"Thiruvananthapuram / Trivandrum, India",0-2 Years
87,Data Engineer,Data Engineer,Ericsson,"Big Query,Application Environments,GCP bucket",Full time,"Noida, India",8-14 Years
88,Data Engineer,Staff Data Engineer,Walmart,,Full time,"Bengaluru / Bangalore, India",Fresher
89,Data Engineer,Senior Data Engineer (Tableau),Nissan Motor Corporation,"project management,systems design,Products development",Full time,"Thiruvananthapuram / Trivandrum, India",6-8 Years
90,Data Engineer,GCP Data Engineer - 3+ Years,WovV Technologies (Division of Techno compass consulting Pvt Ltd),"Pub/Sub,container,Cloud Spanner,Gcp","Work From Home, Full time","Chennai, Mumbai",3-9 Years
91,Data Engineer,Senior Data Engineer,Acnovate Technologies Private Limited,"Retail,Python,Sql,agile,Azure",Full time,"Bengaluru / Bangalore, Hyderabad / Secunderabad, Telangana",5-12 Years
92,Data Engineer,Data Engineer,Harry International Private Limited,"Etl Tools,Big Data,Scripting Languages",Full time,Ahmedabad,3-8 Years
93,Data Engineer,Data Engineer,Company name confidential,"Airflow,AWS,Kinesis,Python",Full time,"Mumbai, Pune",5-10 Years
94,Data Engineer,Data Engineer,Leverage Business Solutions Private Limited,"Sql,AWS,Pyspark,Sparksql,Relational Database",Full time,Bengaluru / Bangalore,2-4 Years
95,Data Engineer,L3 Data Engineer Gurgaon VS (Job Code : J47039A),Sampoorna Consultants Private Limited,"Mpls,SDWAN",Full time,Gurgaon / Gurugram,7-14 Years
96,Data Engineer,L2 Data Engineer Gurgaon VS (Job Code : J47038A),Sampoorna Consultants Private Limited,"Mpls,SDWAN",Full time,Gurgaon / Gurugram,2-7 Years
97,Data Engineer,Lead Data Engineer,Gvms Infotech Private Limited,"Airflow,EMR/EC2,delta lake,and Snowflake",Full time,Bengaluru / Bangalore,8-14 Years
98,Data Engineer,Data Engineer (SSE) HYD (Job Code : J47302),Sampoorna Consultants Private Limited,"Java,Kafka",Full time,"Hyderabad / Secunderabad, Telangana",2-6 Years
99,Data Engineer,GCP Data Engineer,Sandv Capitals Private Limited,"Snow Flake,Gcp",Full time,Bengaluru / Bangalore,5-12 Years
100,Data Engineer,Data Engineer Lead,Covalense Technologies Private Limited,"Azure Data Bricks,Azure Data Factory,Sql","Jobs for Women, Full time","Bengaluru / Bangalore, Hyderabad / Secunderabad, Telangana",7-15 Years
101,Data Analyst,Data Pull Analyst - Tax & Treasury Operations & Risk Management (Contractor),Oracle,"Tax audit support,Data Analysis,Data reconciliations",Full time,India,4-5 Years
102,Data Analyst,Data Analyst,Happy Square Outsourcing Services Private Limited,"Sql,Xml,Javascript,Excel",Full time,Mumbai,1-3 Years
103,Data Analyst,Data Analyst Required,Roundworld Immigration Private Limited,"Data Analyst,Reporting Analyst,MIS Analyst","International, Full time",Canada,2-7 Years
104,Data Analyst,Data Services - Lead Analyst,Mphasis,"advanced excel formulas,MTI,numeration",Full time,"Bengaluru / Bangalore, India",Fresher
105,Data Analyst,DATA Analyst with US health care domain,Siera IT Services Private Limited,"Data Analyst,Healthcare,Sql",Full time,Chennai,10-14 Years
106,Data Analyst,Data Pull Analyst - Tax & Treasury Operations & Risk Management (Contractor),Oracle,"Tax audit support,Data Analysis,Data reconciliations",Full time,India,4-5 Years
107,Data Analyst,Associate Healthcare Research & Data Analyst,Clarivate,"outliers,Analysis,research reports,market research",Full time,"Bengaluru / Bangalore, India",0-2 Years
108,Data Analyst,Data Analyst,Disys India Private Limited,"Reporting,Data Analytics,Power Bi,Sql","Contract Job, Part time",Chennai,0-2 Years
109,Data Analyst,Digital Trust DRSG-S&G-Data Privacy and Ethics Analyst,KPMG,"Tools,quality & risk management initiatives",Full time,Chennai,0-2 Years
110,Data Analyst,EA_TSD-Power & Utilities Sector_Operational Technology Data Analyst_Senior,Ernst & Young,"Control Systems,ADMS,Ot,DERMS,OMS",Full time,"Bengaluru / Bangalore, India",6-10 Years
111,Data Analyst,Data Pull Analyst - Tax & Treasury Operations & Risk Management (Contractor),Oracle,"Tax audit support,Data Analysis,Data reconciliations",Full time,India,4-5 Years
112,Data Analyst,VALUATION PREPARATION AND DATA ANALYST,CBRE,"numerical,Word,ARGUS Enterprise,MS Teams",Full time,"Hyderabad / Secunderabad, Telangana, India",0-2 Years
113,Data Analyst,Data Analyst,CGI Information Systems and Management Consultants Private Limited,"Data Analyst,SQL Server,SSIS,Ssrs,Power Bi",Full time,Bengaluru / Bangalore,5-8 Years
114,Data Analyst,DATA ANALYST INTERNSHIP AT PUNE,Maxgen Technologies Private Limited,"Internship,Live Projects,Academic Projects",Full time,"Pune, Aurangabad",Fresher
115,Data Analyst,"Data Analyst, ServiceNow",Align Technology,"Performance Analytics,Report Designer,Servicenow",Full time,"Hyderabad / Secunderabad, Telangana, India",4-6 Years
116,Data Analyst,Technical Data Analyst,Airbus pioneers,"Aircraft,Aeronautics,Project Management",Full time,"Bengaluru / Bangalore, India",1-5 Years
117,Data Analyst,Data Analyst,Clarivate,"Data Science,Tableau,Sql,Python",Full time,"Bengaluru / Bangalore, India",2-4 Years
118,Data Analyst,VALUATION PREPARATION AND DATA ANALYST,CBRE,"numerical,Word,ARGUS Enterprise,MS Teams",Full time,"Hyderabad / Secunderabad, Telangana, India",0-2 Years
119,Data Analyst,Technical Data Analyst,Airbus pioneers,"Aircraft,Aeronautics,Project Management",Full time,"Bengaluru / Bangalore, India",1-5 Years
120,Data Analyst,Tech Data Analyst,Airbus pioneers,"Aircraft,Aeronautics,Project Management",Full time,"Bengaluru / Bangalore, India",1-5 Years
121,Data Analyst,Technical Data Analyst,Airbus pioneers,"Aircraft,Aeronautics,Project Management",Full time,"Bengaluru / Bangalore, India",1-5 Years
122,Data Analyst,Data Analyst II,Bristol Myers Squibb,"market research methodologies,real-world data analysis",Full time,"Hyderabad / Secunderabad, Telangana, India",3-5 Years
123,Data Analyst,Data Analyst | Business Analyst | Fresher IT Job - Fresher Can Apply Salary 45K,Structured Learning Assistance Consultants India Private Limited,"Data Analyst,Reporting Analyst,Mis Executive",Full time,"Delhi, Noida",0-5 Years
124,Data Analyst,Data Analyst,Actionedge Research Services LLP,"Data Analyst,Mis Executive,MIS analyst,Mis Manager",Full time,Ahmedabad,1-3 Years
125,Data Analyst,Data Analyst,Amazon Music,"Sql,data mining,Excel,Spss,SAS",Full time,India,1-3 Years
126,Data Analyst,"Software Engineer II, Data Analyst",Bristol Myers Squibb,"Data Analysis,Data Security,Power Bi,Data Visualization",Full time,"Hyderabad / Secunderabad, Telangana, India",2-4 Years
127,Data Analyst,Data Analyst | Business Analyst | Fresher IT Job - Fresher Can Apply,Structured Learning Assistance Consultants India Private Limited,"Data Analyst,Reporting Analyst,Mis Executive",Full time,"Delhi, Noida",0-5 Years
128,Data Analyst,DATA ANALYST INTERNSHIP AT PUNE,Maxgen Technologies Private Limited,"Internship,Live Projects,Academic Projects",Full time,"Pune, Nanded",Fresher
129,Data Analyst,Data Analyst,Quess IT Staffing (Formerly known as Magna Infotech),"Teradata,ETL Developer,Data Warehousing",Full time,Pune,6-13 Years
130,Data Analyst,Data Analyst,HNM Solutions,"Data Analyst,power pi,Sql Query",Full time,Chennai,7-7 Years
131,Data Analyst,Data Analyst,Amazon Music,"Sql,data mining,Excel,Spss,SAS",Full time,India,1-3 Years
132,Data Analyst,Global Data Analyst,Hitachi Energy,"Data Retrieval Systems,Data Sources,Statistics",Full time,"Bengaluru / Bangalore, India",5-7 Years
133,Data Analyst,DATA ANALYST,Muthoot Finance,"Data Analysis,Statistical Tools,Data Modelling",Full time,"Bengaluru / Bangalore, India",3-5 Years
134,Data Analyst,EA_TSD-Power & Utilities Sector_Operational Technology Data Analyst_Senior,Ernst & Young,"CS,ADMS,Ot,DERMS,OMS,SCADA,Business Analysis",Full time,"Noida, India",6-10 Years
135,Data Analyst,Data Analyst,Barclays,"Communication Skills,Acquiring,Problem Solving",Full time,Delhi,5-7 Years
136,Data Analyst,Financial Data Analyst,Moodys Analytics,"corporate finance,accounting,financial statement analysis",Full time,"Bengaluru / Bangalore, India",0-2 Years
137,Data Analyst,Data Analyst,Oceaneering,"IL certification,Asset Management,Data Analytics",Full time,"Chandigarh, India",1-3 Years
138,Data Analyst,Data Analyst,Cognizant,"PSUR,clinical team,Qc,safety database",Full time,"Mumbai, India",2-4 Years
139,Data Analyst,Risk Data Analyst,Muthoot Finance,"Policies,PPT Presentation,Product,Analysis Note Preparation",Full time,"Mumbai, India",0-2 Years
140,Data Analyst,Data Analyst,Muthoot Finance,"Policies,Ppt,Risk,Product,Analysis,Mis",Full time,"Mumbai, India",Fresher
141,Data Analyst,Data Analyst,Ericsson,"Business Objects,Vba,Tableau,Python",Full time,"Noida, India",1-10 Years
142,Data Analyst,DATA ANALYST INTERNSHIP AT PUNE,Maxgen Technologies Private Limited,"Internship,Live Projects,Academic Projects",Full time,"Pune, Nashik",Fresher
143,Data Analyst,Data Analyst,Quess IT Staffing (Formerly known as Magna Infotech),"Data Analyst,RDBMS,Hadoop,Data Warehouse",Full time,Bengaluru / Bangalore,8-15 Years
144,Data Analyst,Data Analyst Internship In Pune,Maxgen Technologies Private Limited,"Internship,Live Projects,Academic Projects",Full time,"Pune, Sangli",Fresher
145,Data Analyst,Data Analyst,Infinix Immigration Service Private Limited,"Data Analyst,Reporting Analyst,Mis Executive","International, Full time","Germany, Hong Kong",1-4 Years
146,Data Analyst,Data Analyst Internship At Pune,Maxgen Technologies Private Limited,"Internship,Live Projects,Academic Projects",Full time,"Pune, Amravati",Fresher
147,Data Analyst,DATA ANALYST INTERNSHIP AT PUNE,Maxgen Technologies Private Limited,"Internship,Live Projects,Academic Projects",Full time,"Pune, Nashik",Fresher
148,Data Analyst,Data Analyst Internship at Ahmedabad,Maxgen Technologies Private Limited,"Internship,Live Projects,Academic Projects",Full time,"Ahmedabad, Mehsana",Fresher
149,Data Analyst,DATA ANALYST INTERNSHIP AT PUNE,Maxgen Technologies Private Limited,"Internship,Live Projects,Academic Projects",Full time,"Pune, Jalgaon",Fresher
150,Data Analyst,Data Analyst,Apex Covantage India Private Limited,"Data Conversion,Data Entry Operator,Data Analyst",Full time,"Hyderabad / Secunderabad, Telangana",0-1 Years
151,Data Analyst,DATA ANALYST INTERNSHIP AT PUNE,Maxgen Technologies Private Limited,"Internship,Live Projects,Academic Projects",Full time,"Pune, Amravati",Fresher
152,Data Analyst,Data Analyst Internship an Pune,Maxgen Technologies Private Limited,"Internship,Live Projects,Academic Projects",Full time,"Pune, Sangli",Fresher
153,Data Analyst,DATA ANALYST INTERNSHIP AT PUNE,Maxgen Technologies Private Limited,"Internship,Live Projects,Academic Projects",Full time,"Pune, Jalgaon",Fresher
154,Data Analyst,Data Analyst | Business Analyst | Fresher IT Job - Fresher Can Apply,Structured Learning Assistance Consultants India Private Limited,"Data Analyst,Reporting Analyst,Mis Executive",Full time,"Delhi, Noida",0-5 Years
155,Data Analyst,DATA ANALYST INTERNSHIP AN PUNE,Maxgen Technologies Private Limited,"Internship,Live Projects,Academic Projects",Full time,"Pune, Nanded",Fresher
156,Data Analyst,Data Analyst,Quess IT Staffing (Formerly known as Magna Infotech),"Data Analyst,R,Python,Sql",Full time,Gurgaon / Gurugram,5-8 Years
157,Data Analyst,DATA ANALYST INTERNSHIP AT PUNE,Maxgen Technologies Private Limited,"Internship,Live Projects,B - Tech,Bca,Academic Projects",Full time,"Pune, Nanded",Fresher
158,Data Analyst,Senior Data Analyst,Walmart Global Tech India,"product analytics,Data Analysis,R,query logic",Full time,"Bengaluru / Bangalore, India",0-2 Years
159,Data Analyst,Deputy General Manager_Architect-OPC_Senior RM Data Analyst Lead_Pune,Vodafone Intelligent Solutions,"PowerQuery,Power Apps,Python,Power Bi",Full time,"Pune, India",18-20 Years
160,Data Analyst,Data Analyst,Amazon Music,"R,Sql,Microsoft Excel,Python",Full time,India,1-3 Years
161,Data Analyst,Senior Data Analyst,Walmart Global Tech India,"R,Statistics,Powerbi,Cassandra,Kafka",Full time,"Chennai, India",5-8 Years
162,Data Analyst,Data Analyst,Ericsson,"Business Objects,Vba,Tableau,Python",Full time,"Noida, India",1-10 Years
163,Data Analyst,IWMS Data Analyst,Deutsche Bank,"CI-CD,Github,Bit Bucket,Gcp,Terraform",Full time,"Pune, India",10-12 Years
164,Data Analyst,Lead Consultant Data Analyst / Data Steward,Genpact,"cloud environments,English,MDM,Sql",Full time,"Hyderabad / Secunderabad, Telangana",0-2 Years
165,Data Analyst,Senior Client Reference Data Analyst,Barclays,"Data Analysis,Data Remediation,Corporate Investment",Full time,Pune,0-2 Years
166,Data Analyst,Senior Data Analyst (Asst. Manager)- Global Sourcing & Procurement,AXA,"Sharepoint,Power Automation,Salesforce",Full time,Gurgaon / Gurugram,5-7 Years
167,Data Analyst,Client Reference Data Analyst,Barclays,"Reference Data Services,Entity Account Opening & Closure",Full time,Pune,0-2 Years
168,Data Analyst,Lead Consultant Data Analyst / Data Steward,Genpact,"cloud environments,English,MDM,Sql",Full time,"Hyderabad / Secunderabad, Telangana",0-2 Years
169,Data Analyst,Data Analyst II,Bristol Myers Squibb,"R,Ms Excel,Power Bi,Tableau,Qlikview",Full time,"Hyderabad / Secunderabad, Telangana, India",3-5 Years
170,Data Analyst,Consultant Data Analyst / Data Steward,Genpact,"cloud environments,English,MDM,Sql",Full time,Mumbai,0-2 Years
171,Data Analyst,Business Data Analyst:,Airbus pioneers,"KPI,Skywise,Decision Making,Aircraft,Interpersonal Skills",Full time,"Bengaluru / Bangalore, India",0-2 Years
172,Data Analyst,"Incentive Compensation Data Analyst I Remote, Bangalore",OPTIV,"Word,Pivot Tables,Excel,Outlook,Anaplan",Full time,"Bengaluru / Bangalore, India",2-3 Years
173,Data Analyst,Lead - Business Systems Analyst-Big Data,MetLife,"Data Lineage,Data Stores,Data Lakes,data marts",Full time,"Hyderabad / Secunderabad, Telangana, India",7-12 Years
174,Data Analyst,Data Pull Analyst - Tax & Treasury Operations & Risk Management (Contractor),Oracle,"Tax audit support,Data Analysis,Data reconciliations",Full time,India,4-5 Years
175,Data Analyst,DATA ANALYST Full Time Gurugram Direct Hire,Company name confidential,"Data Analyst,HTML5 and CSS,Sap Abap","Jobs for Women, Full time",Gurgaon / Gurugram,6-10 Years
176,Data Analyst,Data Analyst | Business Analyst | Fresher IT Job - Fresher Can Apply,Structured Learning Assistance Consultants India Private Limited,"Data Analyst,Reporting Analyst,Mis Executive",Full time,"Delhi, Noida",0-5 Years
177,Data Analyst,Data Pull Analyst - Tax & Treasury Operations & Risk Management (Contractor),Oracle,"Tax audit support,Data Analysis,Data reconciliations",Full time,India,4-5 Years
178,Data Analyst,Data Analyst | Business Analyst - Fresher Can Apply,Structured Learning Assistance Consultants India Private Limited,"Data Analyst,Reporting Analyst,Mis Executive",Full time,"Delhi, Ghaziabad",0-3 Years
179,Data Analyst,Senior Manager_Cyber Security Data & Reporting Analyst _Cyber Adaptive Risk Reporting _Pune,Vodafone Intelligent Solutions,"Business Analysis,KPI,Reporting,Qlik,Qliksense",Full time,"Pune, India",0-2 Years
180,Data Analyst,Data Pull Analyst - Tax & Treasury Operations & Risk Management (Contractor),Oracle,"Tax audit support,Data Analysis,Data reconciliations",Full time,India,4-5 Years
181,Data Analyst,Data Services - Lead Analyst,Mphasis,"advanced excel formulas,MTI,numeration",Full time,"Bengaluru / Bangalore, India",Fresher
182,Data Analyst,Digital Trust DRSG-S&G-Data Privacy and Ethics Analyst,KPMG,"Tools,quality & risk management initiatives",Full time,Chennai,0-2 Years
183,Data Analyst,Data Pull Analyst - Tax & Treasury Operations & Risk Management (Contractor),Oracle,"Tax audit support,Data Analysis,Data reconciliations",Full time,India,4-5 Years
184,Data Analyst,Data Analyst/Data Management Engineer,Quess IT Staffing (Formerly known as Magna Infotech),"Data Analyst,Sql,Python,Scripting",Full time,"Chennai, Pune",8-11 Years
185,Data Analyst,Consulting: SA&MA: AI & Data-Business Analyst/Project Manager (Manager),Deloitte,"conversational AI,Source,UI/UX,Data ingestion",Full time,"Hyderabad / Secunderabad, Telangana, India",0-2 Years
186,Data Analyst,Data Pull Analyst - Tax & Treasury Operations & Risk Management (Contractor),Oracle,"Tax audit support,Data Analysis,Data reconciliations",Full time,India,4-5 Years
187,Data Analyst,Data Analyst,Infinix Immigration Service Private Limited,"Data Analyst,Reporting Analyst,Mis Executive","International, Full time","Canada, Germany",1-3 Years
188,Data Analyst,Openings for Data Analyst,Chitti Digisoftech Private Limited,Data Analyst,Full time,"Hyderabad / Secunderabad, Telangana",0-3 Years
189,Data Analyst,Data Analyst Internship at Pune,Maxgen Technologies Private Limited,"Internship,Live Projects,Academic Projects",Full time,"Pune, Dhule / Dhulia",Fresher
190,Data Analyst,Data Analyst Internship at Mumbai,Maxgen Technologies Private Limited,"Internship,Live Projects,Academic Projects",Part time,"Mumbai, Navi Mumbai",Fresher
191,Data Analyst,Data Analyst,Fitcast Founders And Engineers Private Limited,Data Analyst,Full time,Ahmedabad,3-8 Years
192,Data Analyst,DATA ANALYST INTERNSHIP AT PUNE,Maxgen Technologies Private Limited,"Internship,Live Projects,Academic Projects",Full time,"Pune, Sangli",Fresher
193,Data Analyst,Data Analyst - NBFC Company,PMS Consulting,"""Data ANalyst"",""Data Mining""",Full time,Gurgaon / Gurugram,2-5 Years
194,Data Analyst,Data Analyst Internship an Pune,Maxgen Technologies Private Limited,"Internship,Live Projects,Academic Projects",Full time,"Pune, Solapur",Fresher
195,Data Analyst,Data Analyst Fresher,Right Human Skills And Resources Private Limited,"Data Analyst,Data Science",Full time,Thrissur,0-1 Years
196,Data Analyst,Data Analyst Internship at Pune,Maxgen Technologies Private Limited,"Internship,Live Projects,Academic Projects",Full time,"Pune, Satara",Fresher
197,Data Analyst,Data Analyst Internship at Pune,Maxgen Technologies Private Limited,"Internship,Live Projects,B - Tech,Bca,Academic Projects",Part time,"Pune, Sangli",Fresher
198,Data Analyst,Data Analyst Internship an Pune,Maxgen Technologies Private Limited,"Internship,Live Projects,Academic Projects",Full time,"Pune, Sangli",Fresher
199,Data Analyst,Data Analyst Internship an Pune,Maxgen Technologies Private Limited,"Internship,Live Projects,Academic Projects",Full time,"Pune, Jalgaon",Fresher
200,Data Analyst,Data Analyst Internship an Pune,Maxgen Technologies Private Limited,"Internship,Live Projects,Academic Projects",Full time,"Pune, Jalgaon",Fresher
201,Data Architect,Hiring for Sr. Data Architect,Synechron Technologies Private Limited,"Aws Cloud,Machine Learning,Data Governance",Full time,Pune,12-20 Years
202,Data Architect,Data Architect,Synechron Technologies Private Limited,"data solutions,Data Architect,Big Data,Hadoop",Full time,"Chennai, Hyderabad / Secunderabad, Telangana",15-20 Years
203,Data Architect,Data Architect,Synechron Technologies Private Limited,"data solutions,Data Architect,Big Data,Hadoop",Full time,"Bengaluru / Bangalore, Pune",15-20 Years
204,Data Architect,Data Architect,Synechron Technologies Private Limited,"data solutions,Data Architect,Big Data,Hadoop",Full time,Mumbai,15-20 Years
205,Data Architect,Data Solution Architect,Supernal Infotech Private Limited,"Sagemaker,Amazon Q,AWS Glue,Redshift","Contract Job, International, Part time","Bengaluru / Bangalore, Malaysia",6-8 Years
206,Data Architect,Hiring Data Architect,Job Store Consulting,"Azure Purview,Azure Fabric Services,Knowledge in Python",Full time,"Bengaluru / Bangalore, Hyderabad / Secunderabad, Telangana",12-15 Years
207,Data Architect,TIBCO EBX – Enterprise Data Architect,Dash Consultancy Services,"Tibco EBX,Devops,Agile","Contract Job, International, Part time",United Kingdom (UK),10-20 Years
208,Data Architect,"Technical Architect-I, Data Science",Bold,"LLMs,Data Pipelines,Tensorflow,Jenkins",Full time,"Noida, India",Fresher
209,Data Architect,Senior Principal Technical Data Architect,Red Hat,"snowflake,dbt,data pipeline management",Full time,"Bengaluru / Bangalore, India",10-15 Years
210,Data Architect,Automation Architect - Data Science,Ericsson,"AI/ML,architecture,Java,Jenkins,Data Science",Full time,"Noida, India",8-15 Years
211,Data Architect,Consulting - BO: Cloud Engineering - Manager - Data Architect - Pune,Deloitte,"Data-bricks,Safe,Azure,Sql,Scrum,Data Factory",Full time,"Pune, India",9-12 Years
212,Data Architect,Azure Data architect,Mastek,"Azure,Ml,Distributed Computing,cosmos db",Full time,"Mumbai, India",3-10 Years
213,Data Architect,LTIMindtree Hiring for Enterprise Data Architect,LTIMindtree Limited,"Data Mapping,Data Governance,Cloud",Full time,"Bengaluru / Bangalore, Mumbai",7-17 Years
214,Data Architect,Looking for Big data Technical Architect,Mindpower HR Solutions,"Architect,HDFS,Big Data,Python,Scala",Full time,Pune,7-12 Years
215,Data Architect,Azure Data Architect,Company name confidential,"ETL Developer,Data Architect,Azure,Bigdata",Full time,Bengaluru / Bangalore,11-16 Years
216,Data Architect,GCP Data architect,Birlasoft,"Semi-Structured Data processing,Structured Data processing",Full time,"Hyderabad / Secunderabad, Telangana, India",4-10 Years
217,Data Architect,Data Architect,Talent 21 Management and Shared Services Private Limited,"Data Architect,Data Governance,Data Modelling",Full time,Pune,8-12 Years
218,Data Architect,Consulting - SAMA - AI & Data - Senior Data Architect - Manager,Deloitte,"tasks,problem-solving skills,complex data issues",Full time,"Pune, India",8-12 Years
219,Data Architect,Senior Data Architect,Oracle,"enterprise data architecture,pre-sales,Data lakes",Full time,"Bengaluru / Bangalore, India",10-15 Years
220,Data Architect,Data Architect,Synechron Technologies Private Limited,"Data Architect,Solution Architecture,Python",Full time,"Bengaluru / Bangalore, Pune",10-13 Years
221,Data Architect,Principal Data Architect,Oracle,"enterprise data architecture,Aptitude,pre-sales",Full time,"Bengaluru / Bangalore, India",10-15 Years
222,Data Architect,Data Architect - Insights & Analytics X 360,Respironics Inc,"Team Orchestration,Architecture Design,Networking & Open Source",Full time,"Bengaluru / Bangalore, India",5-13 Years
223,Data Architect,Data Architect,Synechron Technologies Private Limited,"Data Architect,Solution Architecture,Python",Full time,"Delhi, Kolkata",10-13 Years
224,Data Architect,Data Architect,GSPANN Technologies,"Data Architects,Data Architect,Data Architecture",Full time,"Gurgaon / Gurugram, Hyderabad / Secunderabad, Telangana",8-18 Years
225,Data Architect,Full Time position with Data Architect in Hyderabad Location,Hucon Innovations Private Limited,"Data Architect,AWS,Data Warehouse,Sql",Full time,"Hyderabad / Secunderabad, Telangana",8-18 Years
226,Data Architect,Data Solution Architect,Supernal Infotech Private Limited,"Sagemaker,Amazon Q,AWS Glue,Redshift","Contract Job, International, Part time","Bengaluru / Bangalore, Malaysia",6-8 Years
227,Data Architect,Data architect,Company name confidential,Working experience in Data migration and conversions. Working Experience on SQL server and SQL server Scripts,"Contract Job, Part time",Other India,7-10 Years
228,Data Architect,"Senior Principal Consultant, Data Architect",Genpact,"snowflake,data lineage,ETL workflows,Cloud",Full time,Bengaluru / Bangalore,0-2 Years
229,Data Architect,Senior Data Architect | Pune,WovV Technologies (Division of Techno compass consulting Pvt Ltd),"Ms Azure,Gcp,AWS,Data Warehouse","Work From Home, Full time",Pune,5-8 Years
230,Data Architect,Senior Principal Technical Data Architect,Red Hat,"Data Pipeline Management,snowflake,ELT Development",Full time,"Bengaluru / Bangalore, India",0-2 Years
231,Data Architect,"Technical Architect-I, Data Science",Bold,"LLMs,Data Pipelines,Tensorflow,Jenkins",Full time,"Noida, India",Fresher
232,Data Architect,Automation Architect - Data Science,Ericsson,"AI/ML,architecture,Java,Jenkins,Data Science",Full time,"Noida, India",8-15 Years
233,Data Architect,Informatica Reference 360 Data Architect,Birlasoft,"Financials,data lineage,data set,operations data management",Full time,"Noida, India",10-12 Years
234,Data Architect,GCP Data Architect - 7+ Years,WovV Technologies (Division of Techno compass consulting Pvt Ltd),"Pub/Sub,container,Data Catalog,Gcp","Work From Home, Full time","Bengaluru / Bangalore, Chennai",7-12 Years
235,Data Architect,"Data Architect,On-Premise,Cloud,Structure,Data Marts,DW,Data Factory,Pipeline,Lake,ODS,EDW,Process Improvement,Disaster Recovery Planning,BI , 8 - 15 years",Gem Software Solutions Limited,"On-Premise,Structure,data marts,Pipeline",Full time,"Chennai, Chidambaram",8-15 Years
236,Data Architect,Data Architect - ERP Migration to Azure Cloud,Abeer Services India Network,"Architecture,Data Strategy,Design,Security",Full time,"Hyderabad / Secunderabad, Telangana",15-25 Years
237,Data Architect,Data Architect,Macropace Technologies,Data Architect,Full time,"Cochin / Kochi / Ernakulam, Thiruvananthapuram / Trivandrum",7-17 Years
238,Data Architect,Data Architect BSS,Tekskills India Private Limited,"Bss,telecom,Solution Architect",Full time,"Bengaluru / Bangalore, Hyderabad / Secunderabad, Telangana",15-25 Years
239,Data Architect,Data Architect,Kaizen SRA Technologies Private Limited,"Kafka,Python,Sql",Full time,Cochin / Kochi / Ernakulam,5-10 Years
240,Data Architect,Data Architect - Healthcare domain,Rapid Talent Solutions,"Snow Flake,Healthcare,Health Care Services",Full time,Bengaluru / Bangalore,15-25 Years
241,Data Architect,GCP Data Architect,Aequor Information Technologies Priivate Limited,"GCP Data Architect with Bigquery,Data Flow",Full time,"Chennai, Kolkata",10-20 Years
242,Data Architect,Data Modeler OR Data Architect,Supro Info Solutions Private Limited,"EA Sparx,TM Forum Data Model,snowflake",Full time,"Bengaluru / Bangalore, Pune",10-17 Years
243,Data Architect,Data Architect,LTIMindtree Limited,Proven experience in forming Data warehouse / Data Lake for business analytics. Technologies like; HDFS,Full time,"Bengaluru / Bangalore, Pune",5-9 Years
244,Data Architect,Data Architect and Data Modeling Specialist,Executive Softway Guild India Private Limited,"Data Architecture.,Data Architect,Data Modeler","Work From Home, Full time","Hyderabad / Secunderabad, Telangana",8-18 Years
245,Data Architect,Azure Data Architect - Max 50 LPA,Rapsys Tech Solutions Private Limited,"ADLS,Data Architect,Azure Data Factory",Full time,Remote,10-17 Years
246,Data Architect,Data Architect | BDO-IT,Bosch India,"data models,data marts,real-time,data workflows",Full time,India,8-10 Years
247,Data Architect,Data Architect Commercial,Bekaert,"Problem Solving,Communication,Data Quality",Full time,"Bengaluru / Bangalore, India",10-12 Years
248,Data Architect,Azure Data Architect,Bosch India,"data virtualization,spark/scala,streaming analytics",Full time,India,5-11 Years
249,Data Architect,AWS Data Architect,Blazeclan Technologies,"Private,Technical,client service delivery",Full time,"Mumbai, India",7-9 Years
250,Data Architect,Data Architect,T-systems Ict India,"Data Modelling,Powerbi,Data Architecture",Full time,"Pune, India",10-14 Years
251,Data Architect,Data Architect/Lead Data Engineer - W5708,Nisum,"data engineering,Nosql,Scala,Azure,Sql",Full time,"Hyderabad / Secunderabad, Telangana, India",8-10 Years
252,Data Architect,Data Architect,ESSENWARE PRIVATE LIMITED,"Insurance,Security,Leadership,architecture",Full time,"Bengaluru / Bangalore, India",0-2 Years
253,Data Architect,Data Architect,Twenty20 Systems,"snowflake,DBT Labs,Denodo",Full time,"Bengaluru / Bangalore, India",0-2 Years
254,Data Architect,India-Bangalore: Cloud Data Architect,Wesco,"snowflake,power apps,Teradata,iot technologies",Full time,"Bengaluru / Bangalore, India",7-10 Years
255,Data Architect,Senior Data Architect,NIRA,"Problem Solving,data infrastructure,Open Source",Full time,"Bengaluru / Bangalore, India",2-5 Years
256,Data Architect,Database (Data Modeler/Data Architect),Fusion Plus Solutions Inc,"analytical,Collaboration,communication",Full time,"Hyderabad / Secunderabad, Telangana, India",5-7 Years
257,Data Architect,Azure Data Architect - Banking,Capco,"COBOL copy book,Microsoft Azure Data Services",Full time,"Bengaluru / Bangalore, India",Fresher
258,Data Architect,Senior Data Architect,Hub Work,"Modeling,analytical,Extract Transform Load (ETL)",Full time,"Chennai, India",0-2 Years
259,Data Architect,Data Architect,FedEx TSCS (India) Pvt Ltd,"Erwin,Metadata Management,Data Modeling",Full time,"Hyderabad / Secunderabad, Telangana, India",10-12 Years
260,Data Architect,Azure Data Architect: T6,Xpheno,"Streaming Data,Synapse,Analytics,event hub",Full time,"Bengaluru / Bangalore, India",5-12 Years
261,Data Architect,GCP Data Architect,ESSENWARE PRIVATE LIMITED,"Teradata,Unix,BigQuery,Ibm Datastage",Full time,"Chennai, India",2-8 Years
262,Data Architect,Azure Data Architect,Coeo,"data lifecycle,stored procedures,Azure Databricks",Full time,"Hyderabad / Secunderabad, Telangana, India",10-12 Years
263,Data Architect,Data Architect,T-systems Ict India,"Services,Product Development,Architecture",Full time,"Pune, India",12-14 Years
264,Data Architect,Data Architect,Neal Analytics,"analytical,protobuf,Cloud Components",Full time,"Bengaluru / Bangalore, India",0-2 Years
265,Data Architect,Senior Manager_Project Manager_GCP Sr. Data Engineer/GCP Architect_D&A_Pune,Vodafone,"Big Query,Cloud Spanner,GCP Compute",Full time,Pune,6-10 Years
266,Data Architect,Senior Manager_Project Manager_GCP Sr. Data Engineer/GCP Architect_D&A_Pune,Vodafone Intelligent Solutions,"Pubsub,data stores,Cloud Composer,All",Full time,"Pune, India",6-10 Years
267,Data Architect,Senior Data Engineer (IBM CDC),United Breweries,"IBM Infosphere CDC,Communication Skills",Full time,"Gurugram, Gurgaon / Gurugram",4-6 Years
268,Data Architect,Data Architect,Triangle Global,"snowflake,Master data management,Machine learning solutions",Full time,"Bengaluru / Bangalore, India",5-7 Years
269,Data Architect,Data Architect,Programmers.io,"etl processes,data pipelines,implementation guides",Full time,"Jaipur, India",10-12 Years
270,Data Architect,Snowflake Architect,Ltimindtree Limited,"snowflake,Data Warehouse,Etl,Data Architect",Full time,"Bengaluru / Bangalore, Pune",2-7 Years
271,Data Architect,Looking for Data Modelling with Sql Expertise,Anri FS Private Limited,"Datamodeler,Data Modeling,Data Architect",Full time,"Bengaluru / Bangalore, Gurgaon / Gurugram",4-9 Years
272,Data Architect,Data Modeler,T & M Services Consulting Private Limited,"Datamodeling,Data Modeler,Data Architect",Full time,Bengaluru / Bangalore,4-10 Years
273,Data Architect,Neo4j Graph Database - Chennai,Maneva Consulting Private Limited,"Graph solution,Design,Build design,Stake Holders Relationship",Full time,Chennai,5-10 Years
274,Data Architect,Architect for Data Center,Praxis Placement Consultancy,"Autocad,Navisworks,3D,Data Center",Full time,Mumbai,5-8 Years
275,Data Architect,Data Architect [T500-10345],FedEx ACC,"data models,standard methodologies,Development",Full time,"Hyderabad / Secunderabad, Telangana, India",5-7 Years
276,Data Architect,Technology Specialist (Solution / Data Architect),DWS Group,"Enterprise Data Modelling,Safe,Togaf,Data Architecture",Full time,"Pune, India",0-2 Years
277,Data Architect,Data Modeler/ Architect,Anri FS Private Limited,"power designer,Data Modelling,Erwin,Etl",Full time,Other India,5-15 Years
278,Data Architect,Principal Data Architect,NetSuite,"enterprise data architecture,Aptitude,pre-sales",Full time,India,10-15 Years
279,Data Architect,Senior Data Architect,NetSuite,"enterprise data architecture,pre-sales,Data lakes",Full time,"Bengaluru / Bangalore, India",10-15 Years
280,Data Architect,AWS Data Engineer or Architect,Serendipity Corporate Services,"glue,aws,Lambda,Pyspark,python","Work From Home, Full time","Ahmedabad, Hyderabad / Secunderabad, Telangana",5-15 Years
281,Data Architect,Solutions Architect,YASH Technologies,"bi projects,adls,lake-house patterns,stored procedures",Full time,"Hyderabad / Secunderabad, Telangana, India",3-12 Years
282,Data Architect,Data Architect - Azure IRC210510,Hitachi Ltd.,"Data Analysis,Data Modelling",Full time,India,0-2 Years
283,Data Architect,Cloud Data Architect,InfoCepts,"Route Tables,Apache Iceberg,Spark-Scala",Full time,"Pune, India",5-10 Years
284,Data Architect,Data Architect (Oracle/Azure),NielsenIQ,"Engineering,OpenAPI,CI/CD,Architecture",Full time,India,3-8 Years
285,Data Architect,Data Architect Azure IRC210510,GlobalLogic A Hitachi Group Company,"Data Analysis,Data Warehousing",Full time,"Noida, India",Fresher
286,Data Architect,Pyspark Architect Cloudera data platform,CareerPaths,"Data Analysis,Data Analysis,data quality analysis",Full time,Bengaluru / Bangalore,12-17 Years
287,Data Architect,Data Architect,NewVision Softcom Consultancy,"Azure stack,Data Handling,AzureDevops",Full time,"Pune, India",0-2 Years
288,Data Architect,Data Architect - Insights & Analytics X 360,Philips,"snowflake,storage optimization,Azure Data Explorer",Full time,"Bengaluru / Bangalore, India",5-13 Years
289,Data Architect,Data Lake Architect,NewVision Software,"version control platform,aws glue data catalog",Full time,"Pune, India",4-14 Years
290,Data Architect,Data Design Analyst,Alp Consulting Ltd.,"cloud data lake environments,Logical,big data architectures",Full time,"Bengaluru / Bangalore, India",6-8 Years
291,Data Architect,Cloud Data Architect,Minfy,"Innovative Solution Development,Training",Full time,"Noida, India",5-7 Years
292,Data Architect,Commercial / Pricing Architect- Data Center/ Cloud/ IT Consulting Background- Mumbai Candidates Only,NTT Ltd.,"Commercial,Team Skills,analytical,Documentation",Full time,"Mumbai, India",Fresher
293,Data Architect,Azure Data Architect,Tata Group,"design techniques,DataOps,Synapse,Data Lakes",Full time,"Bengaluru / Bangalore, India",0-2 Years
294,Data Architect,Data Architect,Infoplus Technologies UK Limited,"digital transformation programs,Telecom design",Full time,"Mumbai, India",6-12 Years
295,Data Architect,Data Security Architect,Imperva,"Assessment frameworks,public cloud services",Full time,"Bengaluru / Bangalore, India",3-10 Years
296,Data Architect,Data Modeling Architect (SQL),Gainwell Technologies,"Data Analysis,medicaid,Er Studio,Data Modeling",Full time,"Chennai, India",8-14 Years
297,Data Architect,Lead Systems Administrator,Powerschool India,"salesforce change management,data structuring",Full time,"Bengaluru / Bangalore, India",6-8 Years
298,Data Architect,Data Architect [T500-10344],FedEx ACC,"data models,Development,Data Strategy",Full time,"Hyderabad / Secunderabad, Telangana, India",5-7 Years
299,Data Architect,Data Architect,Data Economy,"Data Quality,Data Science,Data Modelling",Full time,"Pune, India",10-12 Years
300,Data Architect,Senior Salesforce Developer,Denodo,"English Language,Conga CLM,Salesforce APIs",Full time,"Chennai, India",3-5 Years
301,Data Scientist,Data Scientist,Ericsson,"Data Science,Machine Learning,Gcp,Artificial Intelligence",Full time,"Noida, India",5-10 Years
302,Data Scientist,Data Scientist,Synechron Technologies Private Limited,"Kanban,Data Scientist,Agile,Data Science",Full time,"Chennai, Pune",10-15 Years
303,Data Scientist,Data Scientist,HNM Solutions,"aws,Data Science,python,Numpy,Pandas",Full time,"Bengaluru / Bangalore, Hyderabad / Secunderabad, Telangana",3-3 Years
304,Data Scientist,Senior Manager - NLP Data Scientist,Genpact,"StanfordNLP,Gate,Ai,Torch,theano,OpenNLP",Full time,Bengaluru / Bangalore,0-2 Years
305,Data Scientist,Data Scientist Exp 7 to 10 years Marketplaces Business Intelligence Optimization Lead,My Search,"Optimization,Data Mining",Full time,Bengaluru / Bangalore,7-11 Years
306,Data Scientist,Data Scientist I/II,Respironics Inc,"Tensor flow,Ai,signal & image processing",Full time,"Bengaluru / Bangalore, India",1-2 Years
307,Data Scientist,Remote Data Scientist,Turing,,Full time,"Delhi, India",Fresher
308,Data Scientist,Data Scientist,Ericsson,"Data Science,Machine Learning,Gcp,Artificial Intelligence",Full time,"Noida, India",5-15 Years
309,Data Scientist,Data Scientist,CGI,"python,Natural Language Processing,Artificial Intelligence",Full time,"Pune, India",6-8 Years
310,Data Scientist,Manager_ Lead_Data Scientist,Vodafone Intelligent Solutions,"ANN,Nave Bayes,lasso,ChatGPT,Cloud Run",Full time,"Pune, India",Fresher
311,Data Scientist,Senior Data Scientist,ITC Infotech India Limited,"Technical,Enterprise Data Management,Advance Analytics",Full time,"Bengaluru / Bangalore, India",Fresher
312,Data Scientist,Sr.Data Scientist,ITC Infotech India Limited,"Generative AI,R,Cloud Platforms,Statistical Modeling",Full time,"Bengaluru / Bangalore, India",10-15 Years
313,Data Scientist,Data Scientist,Synechron Technologies Private Limited,"Kanban,Data Scientist,Agile,Data Science",Full time,Gurgaon / Gurugram,10-15 Years
314,Data Scientist,Data Scientist,Synechron Technologies Private Limited,"Kanban,Data Scientist,Agile,Data Science",Full time,"Bengaluru / Bangalore, Mumbai",10-15 Years
315,Data Scientist,Remote Data Scientist,Turing,,Full time,"Delhi, India",Fresher
316,Data Scientist,DATA SCIENTIST III,Walmart Global Tech India,"R,GPU/CUDA,Hadoop,Cassandra,Python",Full time,"Bengaluru / Bangalore, India",2-3 Years
317,Data Scientist,Associate Data Scientist,Metlife,"R,Regression,Machine Learning,Hive,Hadoop",Full time,"Hyderabad / Secunderabad, Telangana, India",0-3 Years
318,Data Scientist,"Sr. Data Scientist - (SciPy, Scikit-learn, SparkM and PyTorch/Keras)",Blue Yonder,"Github,Git,Docker,Shell scripting,Azure",Full time,"Bengaluru / Bangalore, India",0-2 Years
319,Data Scientist,Data Scientist,A.P. Moller - Maersk,"Ai,Data Analytics,Machine Learning",Full time,"Pune, India",0-2 Years
320,Data Scientist,Data Scientist,Ford Motor Company,"R,Streamlit,Looker,Python,BigQuery",Full time,India,2-4 Years
321,Data Scientist,Data Scientist Level_1,Michelin,"analytical,Business,Ai,Engineering,Problem Solving",Full time,"Pune, India",Fresher
322,Data Scientist,Data Scientist,PayPal,"Ai,Tensorflow,Deep Learning,Ml,Nlp",Full time,India,0-2 Years
323,Data Scientist,"Senior Manager, CCS Data Scientist",Nissan Motor Corporation,"Vehicle Sensors,Computer Science,Statistics",Full time,"Chennai, India",4-6 Years
324,Data Scientist,Principal Statistical Data Scientist,Pfizer,"Clinical Data,data standards,Qc,TA standards",Full time,"Chennai, India",5-7 Years
325,Data Scientist,Data Scientist I,United Breweries,"R,Sql,Api,Python,Hadoop,Spark",Full time,"Gurugram, Gurgaon / Gurugram",2-4 Years
326,Data Scientist,AI/ML DATA SCIENTIST,Michael Page,"Ai,Six Sigma,Ml,Change Management",Full time,"Pune, India",6-8 Years
327,Data Scientist,Lead Data Scientist,Intellexe Management Consultants,"Pyspark: Spark,R,Python,Data Science","Jobs for Women, Full time",Chennai,8-15 Years
328,Data Scientist,Senior Machine Learning Engineer/Data Scientist,Oracle,"Availability,Engineering,Security,Enterprise Engineering",Full time,"Bengaluru / Bangalore, India",5-7 Years
329,Data Scientist,ML Engineer,Quess IT Staffing (Formerly known as Magna Infotech),"TensarFlow,AI Specialist,Machine Learning",Full time,Pune,5-10 Years
330,Data Scientist,Data Scientist,Hiphonic Hr Solutions Private Limited,"ADTECH,Real-Time Bidding,Machine Learning",Full time,Other India,5-9 Years
331,Data Scientist,Data Scientist - GPT/LLM Product Development,LTIMindtree Limited,"Llm,Product Development,GPT",Full time,"Bengaluru / Bangalore, Kolkata",5-12 Years
332,Data Scientist,Data Scientist,Elite,Data Scientist,Full time,Coimbatore,2-7 Years
333,Data Scientist,Data Scientist,Revolancer Limited,"Python,Php,Machine Learning,Sql","Work From Home, Full time","Bengaluru / Bangalore, Remote",0-5 Years
334,Data Scientist,Data Scientist,Elite,Data Scientist,Full time,Coimbatore,4-10 Years
335,Data Scientist,Principal Engineer Data Scientist REF17551N All Client Loc (Job Code : J47477),Sampoorna Consultants Private Limited,Manufacturing and Automation - General Experience,Full time,"Bengaluru / Bangalore, Chennai",13-15 Years
336,Data Scientist,Data Scientist,Prt Software Solutions LLP,"Deep Learning,Nlp,Machine Learning,Classifieds",Full time,"Bengaluru / Bangalore, Cochin / Kochi / Ernakulam",8-13 Years
337,Data Scientist,Data Scientist,LTIMindtree Limited,"AL/ML .Python,Vertex AI,Data Scientist,BigQuery",Full time,"Bengaluru / Bangalore, Hyderabad / Secunderabad, Telangana",6-8 Years
338,Data Scientist,Senior Data Scientist,Skyleaf Consultants LLP,"Data Scientist,Python,Data Visualization",Full time,Kolkata,7-9 Years
339,Data Scientist,AI Data Scientist,Resources Valley,"Machine Learning,Pytorch,Python,R Programming",Full time,Jaipur,2-7 Years
340,Data Scientist,data scientist,Infinix Immigration Service Private Limited,"Database Administrator,Data Analysis,Database","International, Full time","Germany, Hong Kong",1-3 Years
341,Data Scientist,Data Scientist Required in Abroad,Donivia Overseas Private Limited,"Data Science,Machine Learning,Artificial Intelligence",Full time,"Bengaluru / Bangalore, Hyderabad / Secunderabad, Telangana",2-12 Years
342,Data Scientist,Data Scientist,Company name confidential,"Machine Learning,Python",Full time,Bengaluru / Bangalore,1-6 Years
343,Data Scientist,Data Scientist Manager,Mpowering HR Solutions,"R,customer analytics,Social Media,costomer serivice","Contract Job, Part time","Bengaluru / Bangalore, Pune",8-12 Years
344,Data Scientist,Data Scientist | Pune,WovV Technologies (Division of Techno compass consulting Pvt Ltd),"Cloud (Azure,AWS),ML Algorithms,Python","Work From Home, Full time",Pune,2-7 Years
345,Data Scientist,Data Scientist,Company name confidential,"Machine Learning,Python","Work From Home, Full time",Bengaluru / Bangalore,0-5 Years
346,Data Scientist,Data Scientist III,Walmart Global Tech India,"Relational Databases,Statistics,Git,Data Warehouse",Full time,"Bengaluru / Bangalore, India",3-5 Years
347,Data Scientist,Lead Data Scientist,Nissan Motor Corporation,"Numba,Optimization,H2O.ai,R,Julia",Full time,"Thiruvananthapuram / Trivandrum, India",4-8 Years
348,Data Scientist,"Data Scientist II, Forecasting, Selling Partner Services",Amazon Music,"Statistical,r,theoretical models,Data Analysis",Full time,India,2-3 Years
349,Data Scientist,Data Scientist,Nissan Motor Corporation,"Numba,Optimization,H2O.ai,R,Julia",Full time,"Thiruvananthapuram / Trivandrum, India",3-5 Years
350,Data Scientist,Data Scientist,Altimetrik,"ml algorithms,python,Sql,aws",Full time,"Bengaluru / Bangalore, India",4-6 Years
351,Data Scientist,Data Scientist,Ericsson,"Prediction Models,Llm,Gen AI,Pyspark",Full time,"Noida, India",5-10 Years
352,Data Scientist,Senior Data Scientist,FourKites,"Cloud Platforms,C/C++,Machine Learning",Full time,"Chennai, India",0-5 Years
353,Data Scientist,Senior Data Scientist,Lowe's India,"PRECISION,search recall,Inventory,Capacity Planning",Full time,"Bengaluru / Bangalore, India",1-2 Years
354,Data Scientist,Senior Data Scientist,Oceaneering,"Deep Stream Framework,NVIDIA""s Jetson Board",Full time,"Pune, India",3-5 Years
355,Data Scientist,Sr Data Scientist,Amazon Music,"Ai,Large Foundational Models,Unsupervised",Full time,India,6-8 Years
356,Data Scientist,Data Scientist - Senior Manager,Genpact,"Gradient Boosting,Scikit-learn,Classification",Full time,Bengaluru / Bangalore,0-2 Years
357,Data Scientist,"Sr Data Scientist (Heavy DL, Python, CV)",HERE Technologies,"classifiers,Bayesian network analysis,predictive modeling solutions",Full time,"Mumbai, India",5-7 Years
358,Data Scientist,Senior Data Scientist - Marketplace (India),Gojek,"Statistics,CI/CD,dbt,Visualization,Python",Full time,"Bengaluru / Bangalore, India",5-7 Years
359,Data Scientist,DG-Manager-Data Scientist,Genpact,"R,Sql,Power Bi,Plsql,Python,Tableau",Full time,"Hyderabad / Secunderabad, Telangana",0-2 Years
360,Data Scientist,Data Scientist,Amazon Music,"Optimization,r,Data Analysis,Statistical Modeling",Full time,India,3-5 Years
361,Data Scientist,Manager_Lead_Data Scientist_Pune,_VOIS,"Diagnostic Models,RNNs,theano,CNNs",Full time,"Pune, India",0-2 Years
362,Data Scientist,Data Scientist,NETAPP,"unsupervised,Data Intelligence,AI/ML,supervised",Full time,"Bengaluru / Bangalore, India",4-8 Years
363,Data Scientist,Senior Data Scientist,Motilal Oswal Financial Services Ltd,"CRFs,ML algorithms,Text summarization",Full time,"Mumbai, India",2-4 Years
364,Data Scientist,Senior Data Scientist,NETAPP,"Ai,Natural Language Processing,Deep Learning",Full time,"Bengaluru / Bangalore, India",8-12 Years
365,Data Scientist,"SENIOR, DATA SCIENTIST",Walmart Global Tech India,"search algorithms,topic modeling,parametric and non-parametric models",Full time,"Bengaluru / Bangalore, India",3-5 Years
366,Data Scientist,Manager - Data Scientist,Mphasis,"BERT,LSTM,Dataiku,RNNs,No-SQL,Machine Learning",Full time,"Hyderabad / Secunderabad, Telangana, India",4-10 Years
367,Data Scientist,Senior Data Scientist,Oracle,,Full time,India,Fresher
368,Data Scientist,Statistical Data Scientist,Pfizer,"data standards,Qc,Documentation,programming",Full time,"Chennai, India",0-2 Years
369,Data Scientist,"Manager_Lead_Data Scientist, Machine Learning _Pune",Vodafone,"theano,statsmodels,Pandas,Numpy,XGBoost",Full time,Pune,0-2 Years
370,Data Scientist,Staff Data Scientist (Human Resources Data),servicenow,"snowflake,random forests,Procedures,Bayesian Methods",Full time,"Hyderabad / Secunderabad, Telangana, India",3-6 Years
371,Data Scientist,Senior Statistical Data Scientist,Pfizer,"Qc,TA standards,Documentation,statisticians",Full time,"Chennai, India",5-7 Years
372,Data Scientist,Manager_Data Scientist,_VOIS,"Big Query,lasso,ChatGPT,Cloud Run,Classification",Full time,"Pune, India",Fresher
373,Data Scientist,Senior/ Lead Data Scientist,Maruti Suzuki India Limited,"Market Research,Scikit-learn,Matplotlib",Full time,"Gurgaon / Gurugram, India",3-5 Years
374,Data Scientist,Data Scientist,ExxonMobil,"commercial software development,identifying and scoping data science opportunities",Full time,"Bengaluru / Bangalore, India",4-6 Years
375,Data Scientist,Data Scientist,A.P. Moller - Maersk,"Ai,Statistics,Data Analytics,Machine Learning",Full time,"Pune, India",0-2 Years
376,Data Scientist,Data Scientist Required in Abroad,Donivia Overseas Private Limited,"Data Science,Machine Learning,Artificial Intelligence",Full time,"Bengaluru / Bangalore, Hyderabad / Secunderabad, Telangana",2-12 Years
377,Data Scientist,Principal Engineer Data Scientist REF17551N All Client Loc (Job Code : J47477),Sampoorna Consultants Private Limited,Manufacturing and Automation - General Experience,Full time,"Hyderabad / Secunderabad, Telangana, Mumbai, Mumbai City, Navi Mumbai, Thane",13-15 Years
378,Data Scientist,Data Scientist Object detection,Venpa Staffing Services India Private Limited,"object detection,Image Processing",Full time,Bengaluru / Bangalore,5-9 Years
379,Data Scientist,Principal Engineer Data Scientist REF13884G All Client Loc (Job Code : J47475),Sampoorna Consultants Private Limited,Manufacturing and Automation - General Experience,Full time,"Bengaluru / Bangalore, Chennai",13-15 Years
380,Data Scientist,Principal Engineer Data Scientist REF13884G All Client Loc (Job Code : J47475),Sampoorna Consultants Private Limited,Manufacturing and Automation - General Experience,Full time,"Bengaluru / Bangalore, Mumbai, Mumbai City, Navi Mumbai, Thane",13-15 Years
381,Data Scientist,Staff Engineer Data Scientist REF17551N All Client Loc (Job Code : J47476),Sampoorna Consultants Private Limited,"Python/ Spark/ R Data Science Stack,Data Science",Full time,"Gurgaon / Gurugram, Hyderabad / Secunderabad, Telangana",4-9 Years
382,Data Scientist,Data Scientist,D Square Consulting Services Private Limited,"Ai,Python,Sql,Ml,Data Science","International, Full time",Other International,5-10 Years
383,Data Scientist,Staff Engineer Data Scientist REF17551N All Client Loc (Job Code : J47476),Sampoorna Consultants Private Limited,"Python/ Spark/ R Data Science Stack,Data Science",Full time,"Chennai, Gurgaon / Gurugram",5-8 Years
384,Data Scientist,Urgent opening for Data Scientist Lead,Serendipity Corporate Services,"Machine Learning,Python,Azure",Full time,Ahmedabad,8-18 Years
385,Data Scientist,Data Scientist,Learning Candid India Private Limited,"Machine Learning,Artificial Intelligence,Deep Learning",Full time,"Bengaluru / Bangalore, Hyderabad / Secunderabad, Telangana",6-10 Years
386,Data Scientist,Data Scientist,Quess IT Staffing (Formerly known as Magna Infotech),"DuckDB,Matrix Algebra,Statistics,Pytorch",Full time,Pune,4-7 Years
387,Data Scientist,Data Scientist,Ezinformatics Solutions Private Limited,"R,Regression,Modeling,Machine Learning",Full time,Mumbai,4-7 Years
388,Data Scientist,Data Scientist,Revolancer Limited,"Python,Ruby,Php,Scripting,Perl","Work From Home, Full time",Remote,0-5 Years
389,Data Scientist,Data Science / Data Scientist,Instahire Services Private Limited,"Spacy,Spark ML,Python,Nltk",Full time,Bengaluru / Bangalore,2-6 Years
390,Data Scientist,Data Science Internship in Ahmedabad,Maxgen Technologies Private Limited,"Internship,Live Projects,Academic Projects",Full time,"Ahmedabad, Surat",Fresher
391,Data Scientist,Data Scientist,"XTGlobal, Inc.","Operations Research,Statistical Modeling",Full time,"Hyderabad / Secunderabad, Telangana, India",3-5 Years
392,Data Scientist,Senior Data Scientist,Hub Work,"Gensim,mathematics,continuous learning",Full time,"Noida, India",4-6 Years
393,Data Scientist,Principal Data Scientist,Enphase Energy,"Data Science Stack,Statistical Techniques",Full time,"Bengaluru / Bangalore, India",12-14 Years
394,Data Scientist,Data Scientist,Neo Wealth and Asset Management,"mobilenet,word2vec,k-nn,mask-rcnn",Full time,"Mumbai, India",2-5 Years
395,Data Scientist,Data Scientist - Kochi,RipplesIndia Group,"Statistics,Regression,R,Classification,Machine Learning",Full time,"India, Cochin / Kochi / Ernakulam",3-8 Years
396,Data Scientist,Senior Full Stack- Data Scientist,Allianz Services,"R,Statistics,Data Science,Machine Learning",Full time,"Pune, India",5-14 Years
397,Data Scientist,Senior Data Scientist,V.Group,"R,Statistical Techniques,Business Objects",Full time,"Chennai, India",0-2 Years
398,Data Scientist,Lead Data Scientist,Respironics Inc,"R,Hive,Hadoop,Power Bi,Spark,Tableau",Full time,"Bengaluru / Bangalore, India",8-10 Years
399,Data Scientist,Data Scientist,Awign,"NLP-focused libraries,LLMs,Machine Learning Techniques",Full time,"Gokak, India",4-6 Years
400,Data Scientist,Senior Data Scientist,Ai Palette,"GenAI,decomposition,ELMo,similarity",Full time,"Bengaluru / Bangalore, India",2-3 Years
401,Machine Learning Engineer,ML Engineer,Quess IT Staffing (Formerly known as Magna Infotech),"TensarFlow,AI Specialist,Machine Learning",Full time,Pune,5-10 Years
402,Machine Learning Engineer,Machine Learning Engineer Required in Abroad,Donivia Overseas Private Limited,"machine learning engineer,Machine Learning",Full time,"Bengaluru / Bangalore, Hyderabad / Secunderabad, Telangana",2-12 Years
403,Machine Learning Engineer,Machine Learning Ops Engineer,LTIMindtree Limited,"Machine Learning Ops,Machine Learning",Full time,"Bengaluru / Bangalore, Chennai",5-9 Years
404,Machine Learning Engineer,Machine Learning Engineer,A.P. Moller - Maersk,"scikit-learn,Mixed Integer programming,Genetic",Full time,"Bengaluru / Bangalore, India",5-7 Years
405,Machine Learning Engineer,ML Engineer,Quess IT Staffing (Formerly known as Magna Infotech),"TensarFlow,AI Specialist,Machine Learning",Full time,Pune,5-10 Years
406,Machine Learning Engineer,Machine Learning Engineer Required in Abroad,Donivia Overseas Private Limited,"machine learning engineer,Machine Learning",Full time,"Bengaluru / Bangalore, Hyderabad / Secunderabad, Telangana",2-12 Years
407,Machine Learning Engineer,Senior Engineering Manager - Machine Learning,Freshworks,"ASR,Cv,Deep Learning,Nlp,Machine Learning",Full time,"Bengaluru / Bangalore, India",0-2 Years
408,Machine Learning Engineer,MLOPs Engineer CGM,DELL,"scikit-learn,cd,Ai,r,Optimization Techniques",Full time,"Bengaluru / Bangalore, India",6-8 Years
409,Machine Learning Engineer,Principal Machine Learning Engineer,Atlassian,"OpenAI LLMs,RESTful microservices,Python",Full time,"Bengaluru / Bangalore, India",0-2 Years
410,Machine Learning Engineer,Machine Learning Engineer,Atlassian,"sci-kit-learn,OpenAI LLMs,Keras/TensorFlow/PyTorch",Full time,"Bengaluru / Bangalore, India",0-2 Years
411,Machine Learning Engineer,"Engineer Lead, Senior",Qualcomm,"LLMs,CUDNN,Problem Solver,C/C++/Python programming",Full time,"Bengaluru / Bangalore, India",1-2 Years
412,Machine Learning Engineer,Machine Learning Engineer,HighPoints Technologies India Private Limited,"Llm,RAG pipelines,Machine Learning,Python",Full time,"Gurgaon / Gurugram, Chandigarh",4-10 Years
413,Machine Learning Engineer,Sr. Machine Learning Engineer (MLOps),Happy Square Outsourcing Services Private Limited,"ML Studio,Azure ML Studio,MLops,Python",Full time,Bengaluru / Bangalore,5-10 Years
414,Machine Learning Engineer,Senior Machine Learning Engineer,Oracle,"Problem-solving,scikit-learn,python,Tensorflow",Full time,"Bengaluru / Bangalore, India",4-6 Years
415,Machine Learning Engineer,Assistant Manager_Senior Engineer_Machine Learning Engineer_D&A_Pune,Vodafone,"Ml,Nlp,Gcp,MLops,Linear Regression",Full time,Pune,0-2 Years
416,Machine Learning Engineer,Machine Learning Engineer,Hempel A/S,"GenAI,Microsoft Graph,Blob Storage,data engineering",Full time,"Mumbai, India",0-2 Years
417,Machine Learning Engineer,Machine Learning Systems Staff Engineer,Qualcomm,"model architectures,linear algebra,Team Player",Full time,"Bengaluru / Bangalore, India",2-4 Years
418,Machine Learning Engineer,Machine Learning Engineer,Enterpret,"search stacks,data retrieval,server-side scripting",Full time,"Bengaluru / Bangalore, India",2-4 Years
419,Machine Learning Engineer,Lead D&T Machine Learning Engineer,Cheerios,"Ai,Vertex AI,Airflow,Kubeflow,Big Query",Full time,"Powai, Mumbai",6-12 Years
420,Machine Learning Engineer,D&T Machine Learning Engineer I,Cheerios,"AI/ML,dbt,Infrastructure,Kanban,Github Actions",Full time,"Powai, Mumbai",2-4 Years
421,Machine Learning Engineer,Generative AI - ML Engineer,Lilly,"scikit-learn,CoreNLP,Eventbridge,spacy",Full time,"Bengaluru / Bangalore, India",5-7 Years
422,Machine Learning Engineer,D&T Machine Learning Engineer II,Cheerios,"Deployment,monitoring etc.,Demonstrates teamworking skills.",Full time,"Powai, Mumbai",7-9 Years
423,Machine Learning Engineer,"Machine Learning Engineer, Trilogy (Remote) - $60,000/year USD",Crossover,"LLMs,Ai,Python,AWS",Full time,"Lucknow, India",0-2 Years
424,Machine Learning Engineer,Senior Machine Learning Engineer,OneOrigin,"Generative AI,Document Processing,Large Language Models",Full time,"Bengaluru / Bangalore, India",5-8 Years
425,Machine Learning Engineer,Machine Learning Engineer,Quidich Innovation Labs,"GPU programming,AI/ML,Dlib,Tensorflow",Full time,"Mumbai, India",4-5 Years
426,Machine Learning Engineer,Machine Learning Engineer (Risk),Shield,"Data Processing,Development,software performance analysis",Full time,"Bengaluru / Bangalore, India",1-5 Years
427,Machine Learning Engineer,Senior Machine Learning Engineer,Accrete AI,"ML OPS,Cloud Platforms,Azure Machine Learning",Full time,"Mumbai, India",3-8 Years
428,Machine Learning Engineer,Senior Machine Learning Engineer,IntellAI,"Verbal Communication,Problem Solving,Written Communication",Full time,"Mumbai, India",0-2 Years
429,Machine Learning Engineer,Machine Learning Engineer AI & ML Team,Zeta Global,"snowflake,airflow,feast,mlflow,Kubernetes",Full time,"Bengaluru / Bangalore, India",2-4 Years
430,Machine Learning Engineer,"Data Scientist (LLM) (Location: Gurgaon, Pune)",Amdocs Management Limited,"kubeflow,open ai,scikit-learn,mlflow,Machine Learning",Full time,"Pune, India",4-6 Years
431,Machine Learning Engineer,Applied NLP Engineer,Enterpret,"Ai,Data Science,Machine Learning,Algorithms",Full time,"Bengaluru / Bangalore, India",1-3 Years
432,Machine Learning Engineer,ML Engineer,Zerozilla,"Profiling,AlgoSelling,Scikit-learn,HPO",Full time,"Bengaluru / Bangalore, India",3-6 Years
433,Machine Learning Engineer,Software Engineer (AI/ML),BioVia,"Python,Natural Language Processing,Programming Languages",Full time,"Pune, India",0-2 Years
434,Machine Learning Engineer,Specialty Development Senior,FastSwitch - Great Lakes Pvt Ltd.,"Problem Solving,Kubernete,AI Platform",Full time,India,3-5 Years
435,Machine Learning Engineer,DevOps (MLOps),"ATMECS Technologies Pvt., Ltd.","Big-Query,Vertex AI,Airflow,Kubeflow",Full time,"Hyderabad / Secunderabad, Telangana, India",5-8 Years
436,Machine Learning Engineer,SDE II - Machine Learning,VIA,"Data Analysis,feature exploration,Visualization",Full time,"Bengaluru / Bangalore, India",3-5 Years
437,Machine Learning Engineer,Senior Data Scientist (MLE),Walmart,"Big Data Skills,R,Machine Learning,Python",Full time,"Bengaluru / Bangalore, India",5-7 Years
438,Machine Learning Engineer,FinOps Analyst,Respironics Inc,"EKS,FSX,Financial Modelling,Reporting",Full time,"Bengaluru / Bangalore, India",5-7 Years
439,Machine Learning Engineer,AI/ML Engineer,Numentica,"data preprocessing,Data Analysis,yolo",Full time,"Bengaluru / Bangalore, India",2-5 Years
440,Machine Learning Engineer,Crypto Data Scientist (India Remote),Token Metrics,"R,mathematics,Statistics,ML frameworks",Full time,"Bengaluru / Bangalore, India",2-4 Years
441,Machine Learning Engineer,Machine Learning Engineer and MLOP/Cloud engineer,Conneqt,"Azure Stack,Oops,Azure ML,Adb,Git",Full time,"Bengaluru / Bangalore, India",2-4 Years
442,Machine Learning Engineer,Machine Learning Operation Engineer,Future A4,"Machine Learning,Data Science,python",Full time,Bengaluru / Bangalore,3-8 Years
443,Machine Learning Engineer,Senior Machine Learning Engineer,UPS Supply Chain Solutions (UPS SCS),"Ai,Unsupervised,Supervised,Looker,Fargate",Full time,"Chennai, India",0-2 Years
444,Machine Learning Engineer,Machine Learning Engineer,Optimoz,"LangChain,scikit-learn,HuggingFace,Vector DBs",Full time,"Ahmedabad, India",2-5 Years
445,Machine Learning Engineer,Machine Learning Engineer IRC209623,Hitachi Ltd.,"data pipelines,Libraries,Machine Learning",Full time,India,0-2 Years
446,Machine Learning Engineer,Machine Learning Engineer,Uplers,"SparkData Structure,Ab Test Design,Problem Solving Attitude",Full time,"Mumbai, India",2-4 Years
447,Machine Learning Engineer,Staff Machine Learning Engineer,ShareChat,"data preprocessing,Visualization,analyzing funnels",Full time,"Bengaluru / Bangalore, India",0-2 Years
448,Machine Learning Engineer,Senior Machine Learning Ops Engineer,Gvms Infotech Private Limited,"CloudOps,Dockerization,CI/CD,statisticaltesting",Full time,Bengaluru / Bangalore,8-12 Years
449,Machine Learning Engineer,Machine Learning Operations Engineer,Foundit : formerly Monster (APAC & ME),Machine Learning Operations,Full time,"Bengaluru / Bangalore, Noida",2-5 Years
450,Machine Learning Engineer,Urgent requirement Mlops Engineer Lead Full Time Direct Hire,Company name confidential,"Mlops Engineer / Lead,Deep Learning,Machine Learning","Jobs for Women, Full time",Bengaluru / Bangalore,8-12 Years
451,Machine Learning Engineer,Machine Learning Engineer- WFH,Uplers,"SparkData Structure,Ab Test Design,Problem Solving Attitude",Full time,"Hyderabad / Secunderabad, Telangana, India",2-4 Years
452,Machine Learning Engineer,IVR Development – Integration Engineer,LTIMindtree Limited,"IVR Development – Integration Engineer,Interactive Voice Response",Full time,"Chennai, Hyderabad / Secunderabad, Telangana",7-10 Years
453,Machine Learning Engineer,Machine Learning Engineer,Uplers,"SparkData Structure,Ab Test Design,Problem Solving Attitude",Full time,"Noida, India",2-4 Years
454,Machine Learning Engineer,Urgent requirement Mlops Engineer Lead Full Time Direct Hire,Company name confidential,"Mlops Engineer / Lead,Deep Learning,Machine Learning","Jobs for Women, Full time",Bengaluru / Bangalore,8-12 Years
455,Machine Learning Engineer,Image Processing Engineer,Swan Sorter Systems Private Limited,"Image Processing Engineer,Machine Learning",Full time,Bengaluru / Bangalore,4-5 Years
456,Machine Learning Engineer,Machine Learning Engineer,Uplers,"SparkData Structure,Ab Test Design,Problem Solving Attitude",Full time,"Chennai, India",2-4 Years
457,Machine Learning Engineer,Machine Learning Engineer,Uplers,"SparkData Structure,Ab Test Design,Problem Solving Attitude",Full time,"Ahmedabad, India",2-4 Years
458,Machine Learning Engineer,Machine Learning Engineer,Uplers,"SparkData Structure,Ab Test Design,Problem Solving Attitude",Full time,"Pune, India",2-4 Years
459,Machine Learning Engineer,Machine Learning Engineer,Uplers,"SparkData Structure,Ab Test Design,Problem Solving Attitude",Full time,"Bengaluru / Bangalore, India",2-4 Years
460,Machine Learning Engineer,Machine Learning Engineer,Uplers,"SparkData Structure,Ab Test Design,Problem Solving Attitude",Full time,"Hyderabad / Secunderabad, Telangana, India",2-4 Years
461,Machine Learning Engineer,Lead Machine Learning Engineer,YO HR Consultancy,"Team Management,code reviews,code quality",Full time,"Gurgaon / Gurugram, India",10-14 Years
462,Machine Learning Engineer,Machine Learning Engineer,Applied Graphics Technologies,"Python SDK,Regression,Optimization,Scikit-learn",Full time,"Bengaluru / Bangalore, India",4-6 Years
463,Machine Learning Engineer,Machine Learning Engineer II,Uplers,"ChatGPT,llm prompt engineering,snowflake",Full time,"Noida, India",0-4 Years
464,Machine Learning Engineer,Associate Lead Machine Learning Engineer,Uplers,"Large Language Model (LLM),Machine Learning",Full time,"Bengaluru / Bangalore, India",7-9 Years
465,Machine Learning Engineer,Machine Learning Engineer- Python,Uplers,"Large Language Model (LLM),Machine Learning",Full time,"Bengaluru / Bangalore, India",7-9 Years
466,Machine Learning Engineer,Machine Learning Engineer | ChatGPT,Uplers,"ChatGPT,llm prompt engineering,snowflake",Full time,"Pune, India",6-8 Years
467,Machine Learning Engineer,Sr Software Machine Learning Engineer,Uplers,"Large Language Model (LLM),Machine Learning",Full time,"Bengaluru / Bangalore, India",7-9 Years
468,Machine Learning Engineer,Machine Learning Engineer (Python / NLP),MeetRecord,"Data Analysis,Algorithms,Nlp,python",Full time,"Bengaluru / Bangalore, India",2-3 Years
469,Machine Learning Engineer,Machine Learning Engineer- WFH,Uplers,"ChatGPT,llm prompt engineering,snowflake",Full time,"Noida, India",4-6 Years
470,Machine Learning Engineer,AI & Machine Learning Engineer Intern,L4B Software,"model training,NLP projects,Data Science packages",Full time,"Pune, India",0-2 Years
471,Machine Learning Engineer,Sr. Machine Learning Engineer (WFH),Uplers,"ChatGPT,llm prompt engineering,snowflake",Full time,"Noida, India",6-8 Years
472,Machine Learning Engineer,Sr. Machine Learning Engineer (WFH),Uplers,"ChatGPT,llm prompt engineering,snowflake",Full time,"Pune, India",6-8 Years
473,Machine Learning Engineer,Lead Machine Learning Engineer,YO HR Consultancy,"Team Management,code reviews,code quality",Full time,"Bengaluru / Bangalore, India",10-14 Years
474,Machine Learning Engineer,Sr. Machine Learning Engineer (WFH),Uplers,"ChatGPT,llm prompt engineering,snowflake",Full time,"Bengaluru / Bangalore, India",6-8 Years
475,Machine Learning Engineer,Machine Learning Engineer,Appstane Technologies,"scikit-learn,r,Machine Learning,python",Full time,"Surat, India",0-2 Years
476,Machine Learning Engineer,Senior Machine Learning Engineer (Azure),Emperen Technologies,"scikit-learn,python sdk,algoselling,hpo",Full time,"Bengaluru / Bangalore, India",5-7 Years
477,Machine Learning Engineer,Machine learning engineer with OCR,Outstager,"Optical character recognition,neural network programs",Full time,"Chennai, India",4-6 Years
478,Machine Learning Engineer,Senior Director - Machine Learning Engineer,Capital One,"AWS SageMaker,Go,data engineering,Machine Learning",Full time,"Bengaluru / Bangalore, India",5-15 Years
479,Machine Learning Engineer,"Manager, Machine Learning Engineer",Capital One,"Data Pipelines,Proof Of Concept,ML Development Lifecycle",Full time,"Bengaluru / Bangalore, India",4-6 Years
480,Machine Learning Engineer,Lead Machine Learning Engineer,Uplers,"Large Language Model (LLM),Machine Learning",Full time,"Bengaluru / Bangalore, India",7-9 Years
481,Machine Learning Engineer,Machine Learning Engineer,Workassist,"R,Machine Learning,Data Mining,Spark",Full time,"Bengaluru / Bangalore, India",6-12 Years
482,Machine Learning Engineer,Machine Learning Engineer- Bengaluru,Uplers,"Large Language Model (LLM),Machine Learning",Full time,"Bengaluru / Bangalore, India",7-9 Years
483,Machine Learning Engineer,Senior Machine Learning Engineer,Expedia Group,"airflow,Kubernetes,python,Scala,Microservice",Full time,"Gurgaon / Gurugram, India",8-10 Years
484,Machine Learning Engineer,Machine learning Engineer-Lead/Architect,USEReady,"Generative AI,Jupyter notebook,Google Colab",Full time,"Bengaluru / Bangalore, India",5-8 Years
485,Machine Learning Engineer,Senior Machine Learning Engineer,Uplers,"Large Language Model (LLM),Machine Learning",Full time,"Bengaluru / Bangalore, India",7-9 Years
486,Machine Learning Engineer,Machine Learning Engineer (WFH),Uplers,"ChatGPT,llm prompt engineering,snowflake",Full time,"Bengaluru / Bangalore, India",6-8 Years
487,Machine Learning Engineer,Machine Learning Engineer (WFH),Uplers,"ChatGPT,llm prompt engineering,snowflake",Full time,"Delhi, India",6-8 Years
488,Machine Learning Engineer,Senior Machine Learning Engineer,Analytics India Magazine,"Big Query,airflow,TFX,MLflow,MLMD",Full time,"Bengaluru / Bangalore, India",3-9 Years
489,Machine Learning Engineer,Machine Learning Engineer,Quantzig,"data preprocessing,azure machine learning",Full time,"Bengaluru / Bangalore, India",3-5 Years
490,Machine Learning Engineer,Machine Learning Engineer AI & ML Team,Zeta Global,"snowflake,airflow,feast,mlflow,Kubernetes",Full time,"Bengaluru / Bangalore, India",2-4 Years
491,Machine Learning Engineer,Machine Learning Engineer- WFH,Uplers,"ChatGPT,llm prompt engineering,snowflake",Full time,"Hyderabad / Secunderabad, Telangana, India",4-6 Years
492,Machine Learning Engineer,Machine Learning Engineer,Fynd (Shopsense Retail Technologies Ltd.),"object detection,REST API process,Classification",Full time,"Mumbai, India",2-4 Years
493,Machine Learning Engineer,"Senior Machine Learning Engineer, Totogi (Remote) - $400,000/year USD",Crossover,"Apache Spark,python,Pandas,databricks",Full time,"Pune, India",5-7 Years
494,Machine Learning Engineer,Machine Learning Engineer,Multiversal Ventures,"Sagemaker,Data Analysis,Machine Learning",Full time,"Bengaluru / Bangalore, India",0-2 Years
495,Machine Learning Engineer,Machine Learning Engineer,Mindera,"Methodologies,Decision-making,Feature Engineering",Full time,"Bengaluru / Bangalore, India",0-2 Years
496,Machine Learning Engineer,Senior Machine Learning Engineer,Fortive,"Feature Selection,Elasticsearch/Open Search",Full time,"Bengaluru / Bangalore, India",3-5 Years
497,Machine Learning Engineer,Machine Learning Engineer,Elevation Capital,"Deep Learning,Nlp,Machine Learning,python",Full time,"Bengaluru / Bangalore, India",5-7 Years
498,Machine Learning Engineer,Machine Learning Engineer,Quidich Innovation Labs,"GPU programming,AI/ML,Dlib,Tensorflow",Full time,"Mumbai, India",4-5 Years
499,Machine Learning Engineer,Machine Learning Engineer- WFH,Uplers,"Large Language Model (LLM),Machine Learning",Full time,"Pune, India",7-9 Years
500,Machine Learning Engineer,Machine Learning Engineer (Risk),SHIELD,"analytical,Interpersonal,Presentation,columnar database",Full time,"Bengaluru / Bangalore, India",1-5 Years
