key,job_role,job_title,company_name,skills,job_type,location,experience
1,Data Engineer,H1B Visa Sponsorship for IT Professionals for Azure/AWS Data Engineer,Intalent LLC,"['Data Optimization', 'Data Analysis', 'Deployment']","International, Full time",United States of America (USA),6-12 Years
2,Data Engineer,Data Engineer - Max - 30 LPA,Rapsys Tech Solutions Private Limited,"['data pipelines', 'Java. python', 'hdfs', 'Data Engineer']",Full time,Bengaluru / Bangalore,7-17 Years
3,Data Engineer,Data Engineer,Career Foresight Hr Solutions Llp,['Data Engineer'],Full time,Cochin / Kochi / Ernakulam,6-10 Years
4,Data Engineer,Sr. Data Engineer,foundit,"['Azure', 'Data Engineer']",Full time,Bengaluru / Bangalore,3-5 Years
5,Data Engineer,React Native Onsite Job For IT GCP DATA Engineer USA H1B Visa,Vaakruthi Software Solutions,['React Native'],Full time,"Bengaluru / Bangalore, Hyderabad / Secunderabad, Telangana",3-13 Years
6,Data Engineer,"AZURE , Data Engineer",Elite,"['Azure', 'Data Engineer']",Full time,Coimbatore,1-7 Years
7,Data Engineer,DATA engineer with AZURE,ERM Placement Services Private Limited,['Pyspark'],"Jobs for Women, Full time","Bengaluru / Bangalore, Noida",4-8 Years
8,Data Engineer,Spark / Scala – Data Engineer - Hybrid model,Skanda IT Consulting Private Limited,"['Hive SQL', 'Spark', 'Scala', 'Data Engineer', 'Pyspark']",Full time,"Bengaluru / Bangalore, Mumbai",6-12 Years
9,Data Engineer,Data Science Engineer,Electrobrain Modern Technologies Private Limited,['pythondata miningProblem SolvingsqlData Science Pysparkalgorithmsnatural language processingteam handlingtime seriesnosqlanalyticsdeep learningregressionlogistic regressionmongodb'],Full time,"Noida, Pune",3-8 Years
10,Data Engineer,Azure Data Engineer,Elite,['Azure Data Engineer'],Full time,Coimbatore,4-7 Years
11,Data Engineer,Data Operations and Developement Engineer - Con- Bangalore (Job Code : J47634),Sampoorna Consultants Private Limited,['SQL Server'],Full time,Bengaluru / Bangalore,3-8 Years
12,Data Engineer,AWS Data engineer,Kaizen SRA Technologies Private Limited,"['airflow', 'python', 'Pyspark', 'aws', 'oozie']","Jobs for Women, Full time",Bengaluru / Bangalore,4-8 Years
13,Data Engineer,Sr Azure Data Engineer,Company name confidential,"['Data Processing', 'databrick', 'Data Structures']","Jobs for Women, Full time",Pune,5-7 Years
14,Data Engineer,Azure Data Engineer,Tredence Analytics Solutions Private Limited,['Data Engineer'],Full time,"Bengaluru / Bangalore, Gurgaon / Gurugram",5-9 Years
15,Data Engineer,Data Engineer,Yellow Umbrella Group,"['Azure Data Engineer', 'ADL', 'Data Engineer']",Full time,"Delhi, Pune",4-9 Years
16,Data Engineer,"Sr Data Engineer -Big Data technologies (Hadoop, Java, Spark, Kafka, Hive)",Visa,[],Full time,"Bengaluru / Bangalore, India",Fresher
17,Data Engineer,Data Engineer - Lead,dentsu,"['table design', 'snowflake', 'Query Optimization']",Full time,"Thane, India",7-9 Years
18,Data Engineer,Sr. Azure Data Engineer.,Happy Square Outsourcing Services Private Limited,"['URL', 'Azure Cloud', 'Azure', 'AWS', 'DataBricks']",Full time,Mumbai,5-11 Years
19,Data Engineer,Data Engineer - Max - 30 LPA,Rapsys Tech Solutions Private Limited,"['data pipelines', 'Java. python', 'hdfs', 'Data Engineer']",Full time,Bengaluru / Bangalore,7-17 Years
20,Data Engineer,Data Engineer,Company name confidential,"['Scala', 'Spark']","Work From Home, Full time",Bengaluru / Bangalore,0-4 Years
21,Data Engineer,Azure Data Engineer,Tredence Analytics Solutions Private Limited,['Data Engineer'],Full time,"Bengaluru / Bangalore, Gurgaon / Gurugram",5-9 Years
22,Data Engineer,"Data Engineer - Big Data ((Hadoop, Java, Spark, Kafka, Hive)",Visa,[],Full time,"Bengaluru / Bangalore, India",Fresher
23,Data Engineer,"Staff Data Engineer-Hadoop, Spark, Hive, Kafka",Visa,[],Full time,"Bengaluru / Bangalore, India",Fresher
24,Data Engineer,"Data Engineer - Big Data (Hadoop, Java, Spark, Kafka, Hive)",Visa,[],Full time,"Bengaluru / Bangalore, India",Fresher
25,Data Engineer,Senior Manager_Project Manager_GCP Sr. Data Engineer/GCP Architect_D&A_Pune,Vodafone Intelligent Solutions,"['Big Query', 'Cloud Spanner', 'GCP Compute']",Full time,"Pune, India",6-10 Years
26,Data Engineer,Data Engineer,Company name confidential,"['Hadoop', 'Scala']","Work From Home, Full time",Bengaluru / Bangalore,0-4 Years
27,Data Engineer,senior data engineer.,Randstad,"['data pipelining', 'R', 'Relational Databases']",Full time,"Hyderabad / Secunderabad, Telangana",0-2 Years
28,Data Engineer,Data Reliability Engineer I,Company name confidential,"['Snow Flake', 'Spark']","Work From Home, Full time","Bengaluru / Bangalore, Hyderabad / Secunderabad, Telangana",0-4 Years
29,Data Engineer,Sr. Data Engineer - Finance Data Analytics,Crowdstrike,"['Airflow', 'data marts', 'Matillion', 'data lakes']",Full time,"Bengaluru / Bangalore, India",6-8 Years
30,Data Engineer,Azure Data Engineer,Aequor Information Technologies Priivate Limited,['Azure data Engineer'],Full time,Chennai,5-10 Years
31,Data Engineer,Sr. Data Engineer - Finance Data Analytics,Crowdstrike,"['Airflow', 'snowflake', 'Data Modelling', 'SFDC']",Full time,"Bengaluru / Bangalore, India",0-2 Years
32,Data Engineer,Lead Consultant-DBT Data Engineer,Genpact,"['Python', 'Sql', 'graph databases', 'AWS', 'Etl']",Full time,Bengaluru / Bangalore,0-2 Years
33,Data Engineer,Data Engineer 2,PayPal,"['Apache Hadoop', 'Unix', 'Github', 'Distributed Systems']",Full time,India,0-2 Years
34,Data Engineer,"Staff Data Engineer-Hadoop, Spark, Hive, Kafka",Visa,[],Full time,"Bengaluru / Bangalore, India",Fresher
35,Data Engineer,senior data engineer.,Randstad,"['data pipelining', 'R', 'Relational Databases']",Full time,"Hyderabad / Secunderabad, Telangana",0-2 Years
36,Data Engineer,Data Engineer - Lead,dentsu,"['table design', 'snowflake', 'Query Optimization']",Full time,"Thane, India",7-9 Years
37,Data Engineer,Data Engineer in Test,Visa,"['Agile framework', 'Big Data ecosystem', 'Test-Driven Development']",Full time,"Bengaluru / Bangalore, India",2-3 Years
38,Data Engineer,Data Engineer,Ericsson,"['Scikit-learn', 'Elasticsearch', 'Kibana', 'Pandas']",Full time,"Bengaluru / Bangalore, India",4-6 Years
39,Data Engineer,"Staff Data Engineer in Test-Big Data (Hadoop, Hive, Spark, Kafka)",Visa,[],Full time,"Bengaluru / Bangalore, India",Fresher
40,Data Engineer,Lead Consultant - Google Cloud Platform (GCP) Data Engineer,Genpact,"['analytical', 'Collaboration', 'Dataprep', 'Problem-solving']",Full time,Pune,0-2 Years
41,Data Engineer,Data engineer,Ericsson,"['Analytics', 'Process Query Language', 'Celonis']",Full time,"Bengaluru / Bangalore, India",3-5 Years
42,Data Engineer,Principal Consultant-Lead Data Engineer,Genpact,"['Python', 'Sql', 'graph databases', 'AWS', 'Etl']",Full time,Bengaluru / Bangalore,5-10 Years
43,Data Engineer,"Sr Data Engineer -Big Data technologies (Hadoop, Java, Spark, Kafka, Hive)",Visa,[],Full time,"Bengaluru / Bangalore, India",Fresher
44,Data Engineer,"Data Engineer - Big Data ((Hadoop, Java, Spark, Kafka, Hive)",Visa,[],Full time,"Bengaluru / Bangalore, India",Fresher
45,Data Engineer,"Data Engineer - Big Data (Hadoop, Java, Spark, Kafka, Hive)",Visa,[],Full time,"Bengaluru / Bangalore, India",Fresher
46,Data Engineer,Software Engineer for Data,Respironics Inc,"['data lakes', 'data ingestion', 'spark clusters']",Full time,"Chennai, India",0-2 Years
47,Data Engineer,Data Engineer II,Zendesk,"['Backend integrations', 'Java', 'Database Design']",Full time,"Bengaluru / Bangalore, India",0-4 Years
48,Data Engineer,"Data Engineer, IN Data Engineering & Analytics",Amazon Music,"['Warehousing', 'ETL pipelines', 'Sql', 'SSIS', 'AWS Infrastructure']",Full time,India,1-3 Years
49,Data Engineer,Lead Data Engineer,United Breweries,"['S3', 'Lambda', 'python', 'Apache Flink', 'Dynamodb']",Full time,"Gurugram, Gurgaon / Gurugram",7-9 Years
50,Data Engineer,Consulting-BO-Cloud Engineering-Senior Consultant-GCP Data Engineer,Deloitte,[],Full time,"Bengaluru / Bangalore, India",Fresher
51,Data Engineer,"Data Engineer in Test -Big Data ecosystem (Hadoop, Hive, Spark, Kafka)",Visa,"['Big Data ecosystem', 'business intelligence']",Full time,"Bengaluru / Bangalore, India",2-3 Years
52,Data Engineer,"Data Engineer - Big Data technologies (Hadoop, Java, Spark, Kafka, Hive)",Visa,"['Java', 'Unix', 'Hadoop', 'Big Data', 'Kafka', 'Tableau']",Full time,"Bengaluru / Bangalore, India",1-3 Years
53,Data Engineer,"Data Engineer in Test (Hadoop, Hive, Spark, Kafka))",Visa,"['business intelligence', 'Test-Driven Development']",Full time,"Bengaluru / Bangalore, India",0-2 Years
54,Data Engineer,Lead Data Engineer,Chase Bank,"['relational', 'Statistics', 'geometrical algorithms']",Full time,"Bengaluru / Bangalore, India",5-7 Years
55,Data Engineer,Lead Software Engineer - Data Engineering,Freshworks,"['Airflow', 'snowflake', 'Trino', 'Flink', 'Java', 'Presto']",Full time,"Bengaluru / Bangalore, India",8-10 Years
56,Data Engineer,Staff Data Engineer,Visa,"['Business Processes', 'IT', 'Data Analytics', 'Machine Learning']",Full time,"Bengaluru / Bangalore, India",4-6 Years
57,Data Engineer,Software Engineer/Data Engineer (Python/SQL/GCP),GfK,"['Problem Solving', 'TDD/BDD', 'Cloud Platforms']",Full time,"Chennai, Pune",3-5 Years
58,Data Engineer,Consulting - BO: Cloud Engineering - Senior Consultant- ML Ops Data Engineer,Deloitte,"['Airflow', 'Scikit-learn', 'Go', 'DataRobot', 'Kubeflow']",Full time,"Bengaluru / Bangalore, India",5-8 Years
59,Data Engineer,Sr. Data Engineer,Elanco,"['Modeling', 'ai/ml/deep-learning', 'Commercial']",Full time,"Bengaluru / Bangalore, India",2-4 Years
60,Data Engineer,Consulting - BO - Cloud Engineering - Senior Consultant - Azure Data Engineer HDFC,Deloitte,"['MS SQL RDBMS', 'SQL Query Language', 'data warehouse transformation processes']",Full time,"Mumbai, India",6-9 Years
61,Data Engineer,Senior / Lead Data Engineer,Atlas Copco,"['Microsoft Power Platform', 'Data Lakehouse']",Full time,"Pune, India",5-8 Years
62,Data Engineer,"Data Engineer II (SQL, Snowflake, AWS, ETL)",Ziff Davis,"['Athena', 'Airflow', 'Matillion', 'Python', 'Sql']",Full time,"Pune, India",4-6 Years
63,Data Engineer,Data Integration Engineer,Electrobrain Modern Technologies Private Limited,"['Relationship Building', 'Manager Technology']",Full time,"Noida, Pune",4-8 Years
64,Data Engineer,Data Integration Engineer,Electrobrain Modern Technologies Private Limited,"['Relationship Building', 'Manager Technology']",Full time,"Noida, Pune",4-8 Years
65,Data Engineer,Data Science Engineer,Electrobrain Modern Technologies Private Limited,"['Microservices', 'Web Technologies', 'Data Science']",Full time,"Noida, Pune",3-8 Years
66,Data Engineer,AZURE DATA Engineer,GSPANN Technologies,"['Adf', 'Azure Data Bricks', 'Azure Data Factory']",Full time,"Gurgaon / Gurugram, Hyderabad / Secunderabad, Telangana",7-12 Years
67,Data Engineer,Data Engineer,Company name confidential,"['Big Data', 'Hadoop']","Work From Home, Full time",Bengaluru / Bangalore,0-4 Years
68,Data Engineer,L3 Data Center Engineer,HTIS Telecom Private Limited,"['Hardware', 'Datacenter', 'nexus', 'It Infrastructure']",Full time,"Chennai, Mumbai, Mumbai City, Navi Mumbai",12-18 Years
69,Data Engineer,Data Engineer,Neugene International Inc,"['Etl', 'Informatica']",Full time,"Bengaluru / Bangalore, Chennai",5-9 Years
70,Data Engineer,Onsite Job For IT GCP DATA Engineer USA H1B Visa,Vaakruthi Software Solutions,"['Oracle Apps', 'Oracle Apps Functional']",Full time,"Bengaluru / Bangalore, Hyderabad / Secunderabad, Telangana",3-8 Years
71,Data Engineer,BI DATA ENGINEER,HighPoints Technologies India Private Limited,"['BI DATA ENGINEER', 'Domo', 'Etl', 'Sql', 'Agile']",Full time,"Gurgaon / Gurugram, Chandigarh",6-10 Years
72,Data Engineer,Data Science Engineer,Electrobrain Modern Technologies Private Limited,"['Microservices', 'Web Technologies', 'Data Science']",Full time,"Noida, Pune",3-8 Years
73,Data Engineer,Senior Python Data Engineer,Mpowering HR Solutions,"['Manager Quality Assurance', 'Project management']",Full time,"Bengaluru / Bangalore, Pune",4-8 Years
74,Data Engineer,Onsite Job For IT GCP DATA Engineer USA H1B Visa,Vaakruthi Software Solutions,['Salesforce'],Full time,"Bengaluru / Bangalore, Hyderabad / Secunderabad, Telangana",2-10 Years
75,Data Engineer,Data Integration Engineer,Electrobrain Modern Technologies Private Limited,"['Relationship Building', 'Manager Technology']",Full time,"Noida, Pune",4-8 Years
76,Data Engineer,"Engineer 3, Data Engineering",Comcast,"['digital tools', 'data pipelines', 'log', 'database views']",Full time,"Chennai, India",5-7 Years
77,Data Engineer,Senior Data Engineer,Uplers,"['Problem Solving Attitude', 'Big Data Technology']",Full time,"Indore, India",6-8 Years
78,Data Engineer,Data Engineer - OACS,LTIMindtree Limited,"['OACS', 'OAC', 'OAS']",Full time,Mumbai,3-8 Years
79,Data Engineer,AWS/PYTHON DATA ENGINEER,Mpowering HR Solutions,"['Sage maker', 'Network/NACL', 'Bit Bucket', 'Data Engineer']",Full time,"Bengaluru / Bangalore, Pune",7-11 Years
80,Data Engineer,Data Engineer- WFH,Uplers,"['Problem Solving Attitude', 'Big Data Technology']",Full time,"Ahmedabad, India",6-8 Years
81,Data Engineer,GCP DATA ENGINEER,Adept Strategic Human Resources Management,"['GCP DATA ENGINEER', 'Gcp', 'Docker', 'Kubernetes']",Full time,Bengaluru / Bangalore,7-12 Years
82,Data Engineer,"Engineer 3, Data Engineering",Comcast,"['entertainment', 'Media', 'database views', 'structured data']",Full time,"Chennai, India",5-7 Years
83,Data Engineer,Data Engineer,Crowdstrike,"['Airflow', 'cd', 'K8', 'Golang', 'Ci', 'Kafka', 'Docker']",Full time,"Pune, India",5-7 Years
84,Data Engineer,GCP Data Engineer,Tata Group,"['Cloud Function', 'Airflow', 'DataProc Pub-Sub']",Full time,"Bengaluru / Bangalore, India",0-2 Years
85,Data Engineer,Data Scientist Engineer,FIS,"['API Integrations', 'PowerBI Reports', 'Azure SQL MI']",Full time,"Pune, India",5-12 Years
86,Data Engineer,Data Engineer,Crowdstrike,"['Airflow', 'cd', 'K8', 'Golang', 'Ci', 'Kafka', 'Docker']",Full time,"Pune, India",5-7 Years
87,Data Engineer,Data Engineer,Coforge,"['Jenkins pipeline', 'SDLC Processes', 'Java', 'Hadoop']",Full time,"Pune, India",5-10 Years
88,Data Engineer,"Engineer 3, Data Engineering",Comcast,"['data pipelines', 'design standards', 'data lakes']",Full time,"Chennai, India",5-7 Years
89,Data Engineer,Senior Data Engineer,Uplers,"['Problem Solving Attitude', 'Big Data Technology']",Full time,"India, Cochin / Kochi / Ernakulam",6-8 Years
90,Data Engineer,"Engineer 3, Data Engineering",Comcast,"['log', 'downstream applications', 'design standards']",Full time,"Chennai, India",5-7 Years
91,Data Engineer,Data Engineer- WFH,Uplers,"['Problem Solving Attitude', 'Big Data Technology']",Full time,"Kolkata, India",6-8 Years
92,Data Engineer,Senior Data Engineer,Uplers,"['Problem Solving Attitude', 'Big Data Technology']",Full time,"Amritsar, India",6-8 Years
93,Data Engineer,Senior Data Engineer,Uplers,"['Problem Solving Attitude', 'Big Data Technology']",Full time,"Jaipur, India",6-8 Years
94,Data Engineer,Senior Data Engineer,Uplers,"['Problem Solving Attitude', 'Big Data Technology']",Full time,"Agra, India",6-8 Years
95,Data Engineer,Senior Data Engineer,Uplers,"['Problem Solving Attitude', 'Big Data Technology']",Full time,"Coimbatore, India",6-8 Years
96,Data Engineer,Senior Data Engineer,Uplers,"['Problem Solving Attitude', 'Big Data Technology']",Full time,"Ghaziabad, India",6-8 Years
97,Data Engineer,Senior Data Engineer,Uplers,"['Problem Solving Attitude', 'Big Data Technology']",Full time,"Jamshedpur, India",6-8 Years
98,Data Engineer,Senior Data Engineer,Uplers,"['Problem Solving Attitude', 'Big Data Technology']",Full time,"Surat, India",6-8 Years
99,Data Engineer,Senior Data Engineer,Uplers,"['Problem Solving Attitude', 'Big Data Technology']",Full time,"Patna, India",6-8 Years
100,Data Engineer,Senior Data Engineer,Uplers,"['Problem Solving Attitude', 'Big Data Technology']",Full time,"Ranchi, India",6-8 Years
101,Data Analyst,Data Operations Analyst,Synechron Technologies Private Limited,"['Production Support', 'Sql']",Full time,Bengaluru / Bangalore,3-6 Years
102,Data Analyst,Data Transmission Analyst,Cognizant Technology Solutions India Pvt Ltd,"['""Connect:Direct""', '""File transmission""', '""NDM""']",Full time,"Chennai, Pune",6-9 Years
103,Data Analyst,Senior Data Analyst,Freshworks,"['SaaS metrics', 'Data Modelling', 'Power Bi', 'Data Warehousing']",Full time,"Chennai, India",5-7 Years
104,Data Analyst,DATA ANALYST INTERNSHIP AT PUNE,Maxgen Technologies Private Limited,"['Internship', 'Live Projects', 'Academic Projects']",Full time,"Pune, Amravati",Fresher
105,Data Analyst,Modelling / Data Science - Lead Analyst - Analytics,dentsu,"['Data Analysis', 'r', 'Machine Learning', 'python']",Full time,"Bengaluru / Bangalore, India",3-5 Years
106,Data Analyst,Data Analyst - Internal Audit,Maruti Suzuki,"['CISA Certification', 'Data Analysis', 'Sql', 'Power Bi']",Full time,"Gurugram, Gurgaon / Gurugram",2-5 Years
107,Data Analyst,Data Analyst 2 (DAT00971),Acko,"['Data Analysis', 'Powerpoint', 'Problem Solving']",Full time,"Bengaluru / Bangalore, India",3-5 Years
108,Data Analyst,Data Analyst - Max - 30 LPA,Rapsys Tech Solutions Private Limited,"['Data Analyst', 'Data Flow', 'Airflow', 'ibm infosphere']",Full time,Bengaluru / Bangalore,7-17 Years
109,Data Analyst,"Senior Associate- Data Hierarchy Analyst, Master Data Management",Genpact,"['Data Analysis', 'Communication', 'Problem Solving']",Full time,Hanamkonda,0-2 Years
110,Data Analyst,Senior Analyst - Clinical Data Management,Stryker,"['data discrepancy', 'root causes', 'data querying']",Full time,"Bengaluru / Bangalore, India",6-12 Years
111,Data Analyst,DATA ANALYST INTERNSHIP IN PUNE,Maxgen Technologies Private Limited,"['Internship', 'Live Projects', 'Academic Projects']",Full time,"Pune, Dhule / Dhulia",Fresher
112,Data Analyst,DATA ANALYST INTERNSHIP AT PUNE,Maxgen Technologies Private Limited,"['Data Analyst', 'Data Analysis', 'Internship', 'Live Projects']",Full time,"Pune, Kolhapur",Fresher
113,Data Analyst,Financial Data Analyst - Global Revenue Operations,Visa,"['PowerQuery', 'R', 'Power Apps', 'Microsoft Power Automate']",Full time,"Bengaluru / Bangalore, India",2-3 Years
114,Data Analyst,Master Data Steward/Analyst,Akzonbel,"['MDM', 'Root Cause Analysis', 'master data quality']",Full time,"Pune, India",2-3 Years
115,Data Analyst,Lead Consultant-Data Analyst,Genpact,"['SSIS', 'Data Migration', 'C#', 'SQL Server', 'Ms Excel']",Full time,Noida,0-2 Years
116,Data Analyst,Sr Associate Data Analyst - Workday Success Plans,Workday,"['Slides', 'Spreadsheets', 'ETL processes', 'Drive']",Full time,"Pune, India",2-4 Years
117,Data Analyst,Associate Healthcare Research & Data Analyst,Clarivate,"['Data Analysis', 'project management', 'market research']",Full time,"Bengaluru / Bangalore, India",2-4 Years
118,Data Analyst,Machine Learning Data Monitoring Analyst,Aptiv,"['Dashboard Monitoring', 'Data Analysis', 'Nosql']",Full time,"Bengaluru / Bangalore, India",0-2 Years
119,Data Analyst,Machine Learning Data Monitoring Analyst,Aptiv,"['Dashboard Monitoring', 'Data Analysis', 'Nosql']",Full time,"Bengaluru / Bangalore, India",0-2 Years
120,Data Analyst,Senior Analyst - Clinical Data Management,Stryker,"['data discrepancy', 'Statistical Techniques', 'data querying']",Full time,"Bengaluru / Bangalore, India",6-12 Years
121,Data Analyst,Data Analyst,TransUnion,"['Macheye', 'BigQuery', 'Hive', 'Spark', 'Tableau']",Full time,"Hyderabad / Secunderabad, Telangana, India",3-5 Years
122,Data Analyst,Associate Business Analyst - Master Data,Novo Nordisk,"['Data Analysis', 'Pharma', 'SAP', 'Business Rules']",Full time,"Bengaluru / Bangalore, India",4-6 Years
123,Data Analyst,BI Data Delivery Analyst,"NGA Human Resources, an Alight company","['Data Architecture', 'Sql', 'Sap Business Objects']",Full time,"Hyderabad / Secunderabad, Telangana, India",3-5 Years
124,Data Analyst,GCR-Data COE_Advanced Analyst,Ernst & Young,"['structured thinking abilities', 'project management']",Full time,"Bengaluru / Bangalore, India",2-4 Years
125,Data Analyst,"Consulting - BO - OT - Analyst - Data Analysis, Visualization, Smart Mobility, Transport",Deloitte,"['Traffic modeler', 'Route Planning', 'Multi-Modal Integration']",Full time,"Bengaluru / Bangalore, India",1-3 Years
126,Data Analyst,Senior Analyst - Data Science,Electrobrain Modern Technologies Private Limited,"['silicon', 'Consulting', 'Analytical', 'Process Documentation']",Full time,"Noida, Pune",2-7 Years
127,Data Analyst,Data Analyst Required,Roundworld Immigration Private Limited,"['Data Analyst', 'Reporting Analyst', 'MIS Analyst']","International, Full time",Canada,2-7 Years
128,Data Analyst,Data Analyst Internship at Ahmedabad,Maxgen Technologies Private Limited,"['Internship', 'Live Projects', 'Academic Projects']",Full time,"Ahmedabad, Mehsana",Fresher
129,Data Analyst,Senior Analyst - Data Science,Electrobrain Modern Technologies Private Limited,"['silicon', 'Consulting', 'Analytical', 'Process Documentation']",Full time,"Chennai, Delhi",2-7 Years
130,Data Analyst,DATA ANALYST INTERNSHIP AT PUNE,Maxgen Technologies Private Limited,"['Internship', 'Live Projects', 'Academic Projects']",Full time,"Pune, Jalgaon",Fresher
131,Data Analyst,DATA ANALYST INTERNSHIP AT PUNE,Maxgen Technologies Private Limited,"['Internship', 'Live Projects', 'Academic Projects']",Full time,"Pune, Solapur",Fresher
132,Data Analyst,Data Annotation Analyst,Providence India,"['Python', 'Sql', 'AWS', 'Pytorch', 'Tensorflow']",Full time,India,0-2 Years
133,Data Analyst,Data Pull Analyst - Tax & Treasury Operations & Risk Management (Contractor),Oracle,"['Data reconciliations', 'Problem Solving', 'Microsoft Powerpoint']",Full time,India,4-5 Years
134,Data Analyst,Machine Learning Data Monitoring Analyst,Aptiv,"['Dashboard Monitoring', 'Data Analysis', 'Machine Learning']",Full time,"Bengaluru / Bangalore, India",1-4 Years
135,Data Analyst,Analyst - Data Science,MSD,"['Sagemaker', 'Bokeh', 'R-Shiny', 'Django', 'Javascript']",Full time,"Pune, India",0-2 Years
136,Data Analyst,Analyst - Data Science,MSD,"['Sagemaker', 'Bokeh', 'R-Shiny', 'Django', 'Javascript']",Full time,"Pune, India",0-2 Years
137,Data Analyst,Senior Data Analyst with Tableau and Python,Qualcomm,"['Data Analysis', 'Self Service Analytics', 'Data Model development']",Full time,"Hyderabad / Secunderabad, Telangana, India",1-3 Years
138,Data Analyst,Assistant Manager-Data Quality Analyst,Genpact,"['Reltio MDM platform', 'Data Quality', 'Master Data Governance']",Full time,Bengaluru / Bangalore,0-2 Years
139,Data Analyst,Analyst - Data Science,MSD,"['Sagemaker', 'Bokeh', 'R-Shiny', 'Django', 'Javascript']",Full time,"Pune, India",0-2 Years
140,Data Analyst,Senior Financial Data Analyst,Moodys Analytics,"['Credit', 'Cfa Certification', 'Financial Data Analysis']",Full time,"Bengaluru / Bangalore, India",1-3 Years
141,Data Analyst,Lead Data Analyst,Clarivate,"['snowflake', 'Analytical Skills', 'Jupyter Notebook']",Full time,"Bengaluru / Bangalore, India",5-7 Years
142,Data Analyst,DATA ANALYST INTERNSHIP AN PUNE,Maxgen Technologies Private Limited,"['Internship', 'Live Projects', 'Academic Projects']",Full time,"Pune, Nanded",Fresher
143,Data Analyst,Senior Data Analyst - India,Gojek,"['Metabase', 'Google Data Studio', 'Clevertap']",Full time,"Bengaluru / Bangalore, India",3-5 Years
144,Data Analyst,Data Analyst (Salesforce CRMA /BI/Tableau ),Databricks,"['advanced calculations', 'relational database management system']",Full time,"Bengaluru / Bangalore, India",4-6 Years
145,Data Analyst,"D&T Analyst II - Data Foundations, Supply Chain",General Mills,"['SAP S4', 'SAP R/3', 'Data Modelling', 'Power Bi']",Full time,"Mumbai, India",4-7 Years
146,Data Analyst,Senior Data Analyst with Tableau and Python,Qualcomm,"['Data Analysis', 'Self Service Analytics', 'Data Model development']",Full time,"Hyderabad / Secunderabad, Telangana, India",1-3 Years
147,Data Analyst,Senior Data Analyst,servicenow,"['Statistics', 'IP networks', 'Excel', 'Power Bi', 'Sql']","International, Full time","Canada, India",5-7 Years
148,Data Analyst,Business Data Analyst:,Airbus pioneers,"['KPI', 'Skywise', 'Decision Making', 'Aircraft', 'Interpersonal Skills']",Full time,"Bengaluru / Bangalore, India",0-2 Years
149,Data Analyst,Analyst - Data Science,MSD,"['Sagemaker', 'Bokeh', 'R-Shiny', 'Django', 'Javascript']",Full time,"Pune, India",0-2 Years
150,Data Analyst,Advisory-Management-P Data Visualization Analyst,KPMG,[],Full time,Bengaluru / Bangalore,Fresher
151,Data Analyst,"Senior Analyst, Analytics - Data Steward (L09)",Synchrony Financial,"['risk management', 'self-assessment', 'workflow monitoring']",Full time,Harsewakpur No.2,2-4 Years
152,Data Analyst,"Senior Analyst, Analytics - Data Steward (L09)",Synchrony Financial,"['risk management', 'workflow monitoring', 'Adaptability']",Full time,Harsewakpur No.2,2-4 Years
153,Data Analyst,"Data Analyst, Transcriptions",S&P Global,"['English', 'speech recognition software', 'Transcription']",Full time,"Hyderabad / Secunderabad, Telangana, India",0-2 Years
154,Data Analyst,Deputy General Manager_Architect-OPC_Senior RM Data Analyst Lead_Pune,Vodafone Intelligent Solutions,"['PowerQuery', 'Power Apps', 'Python', 'Power Bi']",Full time,"Pune, India",18-20 Years
155,Data Analyst,Senior Financial Data Analyst,Moodys Analytics,"['Credit', 'Cfa Certification', 'Financial Data Analysis']",Full time,"Bengaluru / Bangalore, India",1-3 Years
156,Data Analyst,Deputy General Manager_Architect-OPC_Senior RM Data Analyst Lead_Pune,Vodafone,"['PowerQuery', 'Power Apps', 'Power Bi', 'Power Automate']",Full time,Pune,18-20 Years
157,Data Analyst,CIB Data Quality Analyst,Chase Bank,"['Data Lineage', 'Time Management', 'Presentation']",Full time,"Mumbai, India",5-7 Years
158,Data Analyst,Data Analyst,Fluor Corporation,['automated cost/schedule management systems'],Full time,"Gurgaon / Gurugram, India",1-3 Years
159,Data Analyst,Data Analyst-2,Games24x7,"['R', 'probability', 'segmentation techniques']",Full time,"Bengaluru / Bangalore, India",3-5 Years
160,Data Analyst,Procurement Associate (PowerBI Data analyst),Carrier Global,"['Supply Chain', 'Statistical Techniques', 'Excel']",Full time,"Hyderabad / Secunderabad, Telangana, India",2-3 Years
161,Data Analyst,"Senior Analyst, Analytics - Data Steward (L09)",Synchrony Financial,"['risk management', 'workflow monitoring', 'Adaptability']",Full time,Harsewakpur No.2,2-4 Years
162,Data Analyst,Senior Data Analyst - India,Gojek,"['Clevertap', 'Metabase', 'Google Data Studio']",Full time,"Bengaluru / Bangalore, India",3-5 Years
163,Data Analyst,Need Ataccama OR Alation Data Analyst,Anlage Infotech India Private Limited,"['Ataccama', 'Alation']",Full time,"Bengaluru / Bangalore, Hyderabad / Secunderabad, Telangana",3-13 Years
164,Data Analyst,Data Mining Analyst,Make Visions Outsourcing Private Limited,"['Data Analysis', 'CRM Tools', 'Data Mining', 'Data Extraction']",Full time,Ahmedabad,1-3 Years
165,Data Analyst,Data Mining Analyst,Make Visions Outsourcing Private Limited,['Data Mining Analyst'],Full time,Ahmedabad,0-1 Years
166,Data Analyst,"TECHNICAL ANALYST (MSTR, data modelling)",Coforge,"['data sources', 'Command Manager', 'self-service analytics']",Full time,"Nagar, India",3-4 Years
167,Data Analyst,Technical Data Analyst,HighPoints Technologies India Private Limited,"['Product Development', 'Sql', 'Api', 'Java', 'Javascript']",Full time,Bengaluru / Bangalore,1-3 Years
168,Data Analyst,Data Quality Analyst,Synechron Technologies Private Limited,"['Data Quality Analyst', 'Data Quality', 'Data Management']",Full time,"Bengaluru / Bangalore, Pune",5-7 Years
169,Data Analyst,BI Data Analyst,Reva Hr Solutions,"['ETL Developer', 'Etl', 'Powerbi', 'Dataware House']","Work From Home, Full time",Pune,5-7 Years
170,Data Analyst,Data Analyst,Apex Covantage India Private Limited,"['Data Conversion', 'Data Entry Operator', 'Data Analyst']",Full time,"Hyderabad / Secunderabad, Telangana",0-1 Years
171,Data Analyst,Data Mining Analyst,Make Visions Outsourcing Private Limited,['Data Mining'],Full time,Ahmedabad,1-5 Years
172,Data Analyst,DATA ANALYST INTERNSHIP AT PUNE,Maxgen Technologies Private Limited,"['Internship', 'Live Projects', 'B - Tech', 'Bca', 'Academic Projects']",Full time,"Pune, Nanded",Fresher
173,Data Analyst,DATA ANALYST INTERNSHIP AT PUNE,Maxgen Technologies Private Limited,"['Internship', 'Live Projects', 'Academic Projects']",Full time,"Pune, Nashik",Fresher
174,Data Analyst,Senior Data Analyst,Freshworks,"['R', 'Data Modeling', 'Java', 'Data Warehousing']",Full time,"Chennai, India",5-7 Years
175,Data Analyst,Data Quality Analyst,Synechron Technologies Private Limited,"['Data Quality Analyst', 'Data Quality', 'Data Management']",Full time,"Delhi, Kolkata",5-7 Years
176,Data Analyst,Data Analyst - SAP VC,Danfoss,"['T4S Gateway', 'SAP LO-VC', 'Product configuration']",Full time,"Chennai, India",0-2 Years
177,Data Analyst,"Senior Business Analyst, Reference Data",ICE,"['Business Analysis', 'Project Management', 'Analytical Skills']",Full time,"Hyderabad / Secunderabad, Telangana, India",5-7 Years
178,Data Analyst,Analyst - Data Management,dentsu,"['Digital Marketing', 'Power Query', 'Vba', 'macros']",Full time,"Chennai, India",0-2 Years
179,Data Analyst,Data Services - Lead Analyst,Mphasis,"['Analytical Skill', 'Insurance', 'Ms Office Suite']",Full time,"Pune, India",3-5 Years
180,Data Analyst,Senior Data Analyst,Freshworks,"['R', 'Data Modeling', 'Java', 'Data Warehousing']",Full time,"Chennai, India",5-7 Years
181,Data Analyst,Lead Consultant Data Analyst / Data Steward,Genpact,"['cloud environments', 'English', 'MDM', 'Sql']",Full time,"Hyderabad / Secunderabad, Telangana",0-2 Years
182,Data Analyst,Data Analyst,S&P Global,"['Chemical', 'Geology', 'Civil', 'Science', 'Mining Engineer']",Full time,"Hyderabad / Secunderabad, Telangana, India",0-2 Years
183,Data Analyst,Data Analyst,Newtonschool,"['advanced excel', 'Tableau', 'python', 'Powerbi']",Full time,"Bengaluru / Bangalore, India",1-2 Years
184,Data Analyst,Data Analyst Operations,S&P Global,"['Critical Thinking', 'Capital Markets', 'analytical']",Full time,"Hyderabad / Secunderabad, Telangana, India",1-3 Years
185,Data Analyst,Data Analyst for KPI Data analysis and framework development,Tata Group,"['scikit-learn', 'stats tool', 'python', 'Numpy']",Full time,"Bengaluru / Bangalore, India",1-3 Years
186,Data Analyst,Data Science - Analyst,Visa,"['Transformation', 'scalable solutions', 'Go', 'Ingestion']",Full time,"Bengaluru / Bangalore, India",2-4 Years
187,Data Analyst,Senior Data Analyst - India,Gojek,"['Clevertap', 'Metabase', 'Google Data Studio']",Full time,"Bengaluru / Bangalore, India",3-5 Years
188,Data Analyst,Operational Risk Data Analyst,Swiss Re,"['Enterprise Risk Management', 'Tableau', 'Sql']",Full time,"Bengaluru / Bangalore, India",0-2 Years
189,Data Analyst,Data Quality Analyst,S&P Global,"['data extraction tools', 'Data Quality', 'Excel']",Full time,"Hyderabad / Secunderabad, Telangana, India",7-9 Years
190,Data Analyst,Flight Operations Data Analyst,Airbus pioneers,"['Systems', 'AI/ML', 'Flight Operations', 'Maintenance']",Full time,"Bengaluru / Bangalore, India",0-2 Years
191,Data Analyst,Data Analyst,S&P Global,"['corporate finance', 'MS-office', 'Word', 'analytical']",Full time,"Gurgaon / Gurugram, India",0-2 Years
192,Data Analyst,Client Reference Data Analyst,Barclays,"['Google', 'Data Analysis', 'Companies House']",Full time,"Pune, India",0-2 Years
193,Data Analyst,Product.HO>Analytics.Experience>Lead - Data Analyst>Airtel Centre - Gurgaon,airtel,"['Tableau', 'Sql', 'Python']",Full time,"Gurgaon / Gurugram, India",0-2 Years
194,Data Analyst,Data Analyst,Fluor Corporation,"['s System', 'automated cost/schedule management systems']",Full time,"Gurgaon / Gurugram, India",0-1 Years
195,Data Analyst,Asst Dir-Data Analyst,Moodys Analytics,"['Data Analysis', 'MS Access', 'Salesforce SQL']",Full time,"Gurgaon / Gurugram, India",0-8 Years
196,Data Analyst,Data Analyst,ICE,"['Salesforce', 'Problem Solving', 'Financial Markets Data']",Full time,"Hyderabad / Secunderabad, Telangana, India",3-5 Years
197,Data Analyst,Data Analyst,Cognizant,"['Sops', 'Statistical Analysis Plan', 'SAS', 'Gpp']",Full time,"Mumbai, India",0-2 Years
198,Data Analyst,Senior Analyst - Data Science (Python Developer) -Chennai / Hyderabad,2COMS Consulting Private Limited,['Senior Analyst - Data Science (Python Developer) - Bangalore / Chennai / Hyderabad'],Full time,Bengaluru / Bangalore,2-5 Years
199,Data Analyst,Data Analyst required in Canada,Company name confidential,"['Data Analyst', 'MIS Analyst', 'Reporting Analyst']","International, Full time",Canada,3-10 Years
200,Data Analyst,Data Quality Analyst,Synechron Technologies Private Limited,"['Data Management', 'Data Governance', 'Sql']",Full time,"Bengaluru / Bangalore, Chennai",5-8 Years
201,Data Architect,Consulting - SAMA - A&C - Customer Data Platform (CDP) Architect,Deloitte,"['Process Design', 'Query Optimization Techniques']",Full time,"Bengaluru / Bangalore, India",4-7 Years
202,Data Architect,Senior Manager_Project Manager_GCP Sr. Data Engineer/GCP Architect_D&A_Pune,Vodafone,"['Big Query', 'Cloud Spanner', 'GCP Compute']",Full time,Pune,6-10 Years
203,Data Architect,Technical Architect- Data Science,Bold,"['LLMs', 'Data Pipelines', 'Tensorflow', 'Jenkins']",Full time,"Noida, India",Fresher
204,Data Architect,Data Architect - Insights & Analytics X 360,Respironics Inc,"['Team Orchestration', 'Architecture Design', 'Networking & Open Source']",Full time,"Bengaluru / Bangalore, India",5-13 Years
205,Data Architect,Senior Manager_Project Manager_GCP Sr. Data Engineer/GCP Architect_D&A_Pune,Vodafone Intelligent Solutions,"['Big Query', 'Cloud Spanner', 'GCP Compute']",Full time,"Pune, India",6-10 Years
206,Data Architect,Data Architect,GSPANN Technologies,"['Data Architects', 'Data Architect', 'Data Architecture']",Full time,"Gurgaon / Gurugram, Hyderabad / Secunderabad, Telangana",8-18 Years
207,Data Architect,Senior Data Architect,Oracle,"['proposal reviews', 'rapid proof', 'Competitor Analysis']",Full time,"Bengaluru / Bangalore, India",10-15 Years
208,Data Architect,Data Science Architect,Apexon,"['AI-ML', 'Nlp', 'Ocr', 'Python']",Full time,"Bengaluru / Bangalore, Hyderabad / Secunderabad, Telangana",12-19 Years
209,Data Architect,Senior Principal Consultant - Databricks Data Architect,Genpact,"['Databricks AI/ML', 'mlFlow', 'rbac', 'AWS sagemaker']",Full time,Bengaluru / Bangalore,0-2 Years
210,Data Architect,Principal Data Architect,Oracle,"['proposal reviews', 'rapid proof', 'Competitor Analysis']",Full time,"Bengaluru / Bangalore, India",10-15 Years
211,Data Architect,Azure Data Architect,Tata Group,"['design techniques', 'DataOps', 'Synapse', 'Data Lakes']",Full time,"Bengaluru / Bangalore, India",0-2 Years
212,Data Architect,H1B Visa Sponsorship for IT Professionals,Intalent LLC,"['Performance Management', 'Cloud Engineer']","International, Full time",United States of America (USA),6-12 Years
213,Data Architect,"Architect, Data and Analytics Ecosystem",Stryker,"['Azure role base access controls', 'low-code/no-code solutions such PowerApps and Power Automate']",Full time,"Gurgaon / Gurugram, India",5-8 Years
214,Data Architect,Data Architect,Synechron Technologies Private Limited,"['Data Architect', 'Solution Architecture', 'Python']",Full time,"Delhi, Kolkata",10-13 Years
215,Data Architect,Full Time position with Data Architect in Hyderabad Location,Hucon Innovations Private Limited,"['Data Architect', 'AWS', 'Data Warehouse', 'Sql']",Full time,"Hyderabad / Secunderabad, Telangana",8-18 Years
216,Data Architect,"Senior Principal Consultant, Data Architect",Genpact,"['snowflake', 'data lineage', 'ETL workflows', 'Cloud']",Full time,Bengaluru / Bangalore,0-2 Years
217,Data Architect,Data Architect,Tata Group,"['DataPrep', 'Python', 'Sql', 'Excel', 'Dataproc']",Full time,"Pune, India",0-2 Years
218,Data Architect,Lead Data Architect (PostgreSql),United Breweries,['AWS Aurora PostgreSQL Development and Management'],Full time,"Gurugram, Gurgaon / Gurugram",3-7 Years
219,Data Architect,"Data & Information Architect - PL-SQL, ETL , OAS or ODI , Data Modelling",Baker Hughes,"['PL- SQL', 'OAS', 'Etl', 'Oracle BI', 'Rally', 'Jira']",Full time,"Mumbai, India",5-7 Years
220,Data Architect,System Architect - Application & Data Architecture,Visa,"['data modeling tools', 'data security standards']",Full time,"Bengaluru / Bangalore, India",2-8 Years
221,Data Architect,Full Time position with Data Architect in Hyderabad Location,Hucon Innovations Private Limited,"['Data Architect', 'AWS', 'Data Warehouse', 'Sql']",Full time,"Hyderabad / Secunderabad, Telangana",8-18 Years
222,Data Architect,Data Architect,TATA Technologies,"['analytical', 'numerical', 'Cloud based Data Analytics']",Full time,"Pune, India",0-2 Years
223,Data Architect,Data Cloud Senior Success Architect,Salesforce,"['Big Query', 'Tealium', 'Ai', 'Segment', 'Amperity']",Full time,"Jaipur, India",8-10 Years
224,Data Architect,Data architect,Company name confidential,['Working experience in Data migration and conversions. Working Experience on SQL server and SQL server Scripts'],"Contract Job, Part time",Other India,7-10 Years
225,Data Architect,Data Cloud Senior Success Architect,Salesforce,"['Big Query', 'Tealium', 'Ai', 'Segment', 'Amperity']",Full time,"Gurgaon / Gurugram, India",8-10 Years
226,Data Architect,Principal Consultant - Data Architect,Oracle,"['Ai', 'snowflake', 'confluent', 'Big Data', 'Ml']",Full time,"Mumbai, India",5-10 Years
227,Data Architect,Data Cloud Senior Success Architect,Salesforce,"['Big Query', 'Tealium', 'Ai', 'Segment', 'Amperity']",Full time,"Pune, India",8-10 Years
228,Data Architect,Data Cloud Senior Success Architect,Salesforce,"['Big Query', 'Tealium', 'Ai', 'Segment', 'Amperity']",Full time,"Mumbai, India",8-10 Years
229,Data Architect,Solutions Architect : Data & AI,Databricks,"['R', 'Analytics', 'data engineering', 'Java', 'Data Science']",Full time,"Mumbai, India",6-8 Years
230,Data Architect,Azure Data Architect,Tata Group,"['Security', 'applicationsretirement', 'delivery of solutions']",Full time,"Ahmedabad, India",4-7 Years
231,Data Architect,Data Cloud Senior Success Architect,Salesforce,"['Big Query', 'Tealium', 'Ai', 'Segment', 'Amperity']",Full time,"Hyderabad / Secunderabad, Telangana, India",8-10 Years
232,Data Architect,Solutions Architect : Data & AI,Databricks,"['R', 'Analytics', 'data engineering', 'Java', 'Data Science']",Full time,"Mumbai, India",6-8 Years
233,Data Architect,Senior Data Engineer (IBM CDC),United Breweries,"['IBM Infosphere CDC', 'Communication Skills']",Full time,"Gurugram, Gurgaon / Gurugram",4-6 Years
234,Data Architect,Data Cloud Senior Success Architect,Salesforce,"['Big Query', 'Tealium', 'Ai', 'Segment', 'Amperity']",Full time,"Bengaluru / Bangalore, India",8-10 Years
235,Data Architect,Data Cloud Senior Success Architect,Salesforce,"['Big Query', 'Tealium', 'Ai', 'Segment', 'Amperity']",Full time,"Jaipur, India",8-10 Years
236,Data Architect,Senior Principal Consultant - Databricks Data Architect,Genpact,"['Databricks AI/ML', 'mlFlow', 'rbac', 'AWS sagemaker']",Full time,Bengaluru / Bangalore,10-12 Years
237,Data Architect,Principal Consultant - Data Architect,Oracle,"['Ai', 'snowflake', 'confluent', 'Big Data', 'Ml']",Full time,"Mumbai, India",5-10 Years
238,Data Architect,Solutions Architect : Data / AI,Databricks,"['Architecture', 'Design', 'R', 'data engineering']",Full time,"Bengaluru / Bangalore, India",6-8 Years
239,Data Architect,Data Architect,LTIMindtree Limited,['Proven experience in forming Data warehouse / Data Lake for business analytics. Technologies like; HDFS'],Full time,"Bengaluru / Bangalore, Pune",5-9 Years
240,Data Architect,Data Engineering / Data Architect,Quess IT Staffing (Formerly known as Magna Infotech),"['Python', 'Azure', 'Sql', 'AWS', 'Databricks']",Full time,Bengaluru / Bangalore,2-5 Years
241,Data Architect,Database Architect,Ezinformatics Solutions Private Limited,"['DB Architect', 'Architecture', 'Database Architect']",Full time,Kolkata,8-13 Years
242,Data Architect,Data Modeler OR Data Architect,Supro Info Solutions Private Limited,"['EA Sparx', 'TM Forum Data Model', 'snowflake']",Full time,"Bengaluru / Bangalore, Pune",10-17 Years
243,Data Architect,Data Architect,Supro Info Solutions Private Limited,"['Data Architects', 'Dimensional Model', 'data vault']",Full time,"Bengaluru / Bangalore, Chennai",13-19 Years
244,Data Architect,Senior Data Architect | Pune,WovV Technologies (Division of Techno compass consulting Pvt Ltd),"['Ms Azure', 'Gcp', 'AWS', 'Data Warehouse']","Work From Home, Full time",Pune,5-8 Years
245,Data Architect,Data Modeler,T & M Services Consulting Private Limited,"['Datamodeling', 'Data Modeler', 'Data Architect']",Full time,Bengaluru / Bangalore,4-10 Years
246,Data Architect,Azure Data Architect,Tata Group,"['Data Lake-ADLS', 'Lake formation', 'Azure Synapse']",Full time,"Bengaluru / Bangalore, India",4-8 Years
247,Data Architect,Principal Consultant -Data Modeler cum Architect for Cloud Data Engineering,Genpact,"['Architecture Design', 'data visualization tools']",Full time,"Hyderabad / Secunderabad, Telangana",0-2 Years
248,Data Architect,Associate Director – Big Data Architect - Engineering,S&P Global,"['confluent', 'mllib', 'python', 'Machine Learning']",Full time,"Mumbai, India",10-12 Years
249,Data Architect,Azure Data Architect,Tata Group,"['data bricks', 'power apps', 'event hubs', 'sql dwh']",Full time,"Bengaluru / Bangalore, India",2-3 Years
250,Data Architect,Delivery Solutions Architect - Data & AI,Databricks,"['Gcp', 'Scala', 'Databricks', 'Azure', 'Python']",Full time,"Bengaluru / Bangalore, India",8-10 Years
251,Data Architect,Delivery Solutions Architect - Data & AI,Databricks,"['Gcp', 'Scala', 'Databricks', 'Azure', 'Python']",Full time,"Mumbai, India",8-10 Years
252,Data Architect,Data Cloud Senior Success Architect,Salesforce,"['Big Query', 'Tealium', 'Ai', 'Segment', 'Amperity']",Full time,"Jaipur, India",8-10 Years
253,Data Architect,Technology Specialist- Solution / Data Architect,Deutsche Bank,"['Architecture', 'powerdesigner', 'Safe', 'Document Store systems']",Full time,"Pune, India",0-2 Years
254,Data Architect,Data Engineer - Architect,FIS,"['API Integrations', 'PowerBI Reports', 'Synapse']",Full time,"Chennai, India",12-15 Years
255,Data Architect,Data Architect,Concentrix,"['privacy regulations', 'CCPA', 'Hudi', 'designing & architecture']",Full time,"Bengaluru / Bangalore, India",7-15 Years
256,Data Architect,Associate Technical Architect - Data Engineering,dentsu,"['Data Unification Strategies', 'Data Workflow Platforms']",Full time,"Pune, India",5-7 Years
257,Data Architect,Data Architect,Deutsche Bank,"['Architecture', 'Safe', 'Document Store systems']",Full time,"Pune, India",0-2 Years
258,Data Architect,Data Architect,Oracle,"['communication', 'data models', 'project management']",Full time,"Bengaluru / Bangalore, India",0-2 Years
259,Data Architect,Senior Data Catalog Architect,Swiss Re,"['data catalog capability', 'Collibra implementations']",Full time,"Hyderabad / Secunderabad, Telangana, India",0-2 Years
260,Data Architect,Delivery Solutions Architect - Data & AI,Databricks,"['Gcp', 'Scala', 'Databricks', 'Azure', 'Python']",Full time,"Delhi, India",8-10 Years
261,Data Architect,Senior Principal Consultant-Data Architect,Genpact,"['Stored Procedures', 'AWS', 'SQL Server', 'Dynamo Db']",Full time,"Gurugram, Gurgaon / Gurugram",0-2 Years
262,Data Architect,Pyspark Architect Cloudera data platform,CareerPaths,"['Data Analysis', 'Data Analysis', 'data quality analysis']",Full time,Bengaluru / Bangalore,12-17 Years
263,Data Architect,Architect for Data Center,Praxis Placement Consultancy,"['Autocad', 'Navisworks', '3D', 'Data Center']",Full time,Mumbai,5-8 Years
264,Data Architect,Senior Solution Azure Data Architect,HR Addons,"['Azure Synapse Analytics', 'Data Flows', 'Azure Data Warehouse']",Full time,Bengaluru / Bangalore,10-15 Years
265,Data Architect,Solution Azure Data Architect,JS IT Tech Solutions,"['Azure Synapse Analytics', 'Data Flows', 'Azure Data Warehouse']",Full time,"Bengaluru / Bangalore, Hyderabad / Secunderabad, Telangana",10-15 Years
266,Data Architect,Data Modeler/ Architect,Anri FS Private Limited,"['power designer', 'Data Modelling', 'Erwin', 'Etl']",Full time,Other India,5-15 Years
267,Data Architect,Data Architect - ERP Migration to Azure Cloud,Abeer Services India Network,"['Architecture', 'Data Strategy', 'Design', 'Security']",Full time,"Hyderabad / Secunderabad, Telangana",15-25 Years
268,Data Architect,Solution Azure Data Architect,JS IT Tech Solutions,"['Azure Synapse Analytics', 'Data Flows', 'Azure Data Warehouse']",Full time,"Bengaluru / Bangalore, Hyderabad / Secunderabad, Telangana",10-15 Years
269,Data Architect,Data Architect – Hybrid Work Model,Nam Info Private Limited,"['SQL Data Warehouse', 'snowflake', 'Hadoop']",Full time,Bengaluru / Bangalore,7-15 Years
270,Data Architect,Data Architect Engineer with Kafka,Macropace Technologies,"['Data transform', 'metadata', 'Data Engineer']",Full time,"Cochin / Kochi / Ernakulam, Thiruvananthapuram / Trivandrum",8-18 Years
271,Data Architect,Azure Data Integration Architect,Renovision Automation Services Private Limited,"['Azure Data Architect', 'Architect', 'Architecture']",Full time,"Bengaluru / Bangalore, Pune",9-19 Years
272,Data Architect,GCP Data Architect,Aequor Information Technologies Priivate Limited,"['GCP Data Architect with Bigquery', 'Data Flow']",Full time,"Chennai, Kolkata",10-20 Years
273,Data Architect,Senior Solution Azure Data Architect,JS IT Tech Solutions,"['Azure Synapse Analytics', 'Data Flows', 'Azure Data Warehouse']",Full time,"Bengaluru / Bangalore, Hyderabad / Secunderabad, Telangana",10-15 Years
274,Data Architect,"Data Architect,On-Premise,Cloud,Structure,Data Marts,DW,Data Factory,Pipeline,Lake,ODS,EDW,Process Improvement,Disaster Recovery Planning,BI , 8 - 15 years",Gem Software Solutions Limited,"['On-Premise', 'Structure', 'data marts', 'Pipeline']",Full time,"Chennai, Chidambaram",8-15 Years
275,Data Architect,Urgent requirement Data Science AI ML with Big data Architect Full Time Direct Hire,Company name confidential,"['Data Science', 'Big Data', 'Cloud']","Jobs for Women, Full time",Bengaluru / Bangalore,12-16 Years
276,Data Architect,Senior Databricks Engineer / Databricks Technical Lead/ Data Architect,Tredence Analytics Solutions Private Limited,"['Azure Stack', 'Databricks', 'AWS', 'Etl', 'Data Warehouse']",Full time,"Delhi, Pune",3-13 Years
277,Data Architect,Senior Databricks Engineer / Databricks Technical Lead/ Data Architect,Tredence Analytics Solutions Private Limited,"['Azure Stack', 'Databricks', 'AWS', 'Etl', 'Data Warehouse']",Full time,"Bengaluru / Bangalore, Chennai",3-13 Years
278,Data Architect,Data Architect - Healthcare domain,Rapid Talent Solutions,"['Snow Flake', 'Healthcare', 'Health Care Services']",Full time,Bengaluru / Bangalore,15-25 Years
279,Data Architect,Enterprise Data Architect,CareerPaths,"['cd', 'dynamic data masking', 'Data Warehousing']",Full time,Bengaluru / Bangalore,14-18 Years
280,Data Architect,Data Architect - ERP Migration to Azure Cloud,Abeer Services India Network,"['Architecture', 'Data Strategy', 'Design', 'Security']",Full time,"Hyderabad / Secunderabad, Telangana",15-25 Years
281,Data Architect,Data Architect and Data Modeling Specialist,Executive Softway Guild India Private Limited,"['Data Architecture.', 'Data Architect', 'Data Modeler']","Work From Home, Full time","Hyderabad / Secunderabad, Telangana",8-18 Years
282,Data Architect,Solution Azure Data Architect,JS IT Tech Solutions,"['Azure Synapse Analytics', 'Data Flows', 'Azure Data Warehouse']",Full time,"Bengaluru / Bangalore, Hyderabad / Secunderabad, Telangana",10-15 Years
283,Data Architect,Data Architect BSS,Tekskills India Private Limited,"['Bss', 'telecom', 'Solution Architect']",Full time,"Bengaluru / Bangalore, Hyderabad / Secunderabad, Telangana",15-25 Years
284,Data Architect,Urgent requirement Data Science AI ML with Big data Architect Full Time Direct Hire,Company name confidential,"['Data Science', 'Big Data', 'Cloud']","Jobs for Women, Full time",Bengaluru / Bangalore,12-16 Years
285,Data Architect,Azure Data Architect - Max 50 LPA,Rapsys Tech Solutions Private Limited,"['ADLS', 'Data Architect', 'Azure Data Factory']",Full time,Remote,10-17 Years
286,Data Architect,Data Science - AI/ML with Big data Architect,Anlage Infotech India Private Limited,"['Ai', 'Ml']",Full time,Bengaluru / Bangalore,12-16 Years
287,Data Architect,Data bricks Architect,Serendipity Corporate Services,"['pysark', 'databricks', 'Sql']",Full time,"Bengaluru / Bangalore, Chennai",7-15 Years
288,Data Architect,GCP Data Architect - 7+ Years,WovV Technologies (Division of Techno compass consulting Pvt Ltd),"['Pub/Sub', 'container', 'Data Catalog', 'Gcp']","Work From Home, Full time","Bengaluru / Bangalore, Chennai",7-12 Years
289,Data Architect,Pyspark Architect Cloudera data platform,CareerPaths,"['Data Analysis', 'Data Analysis', 'data quality analysis']",Full time,Bengaluru / Bangalore,12-17 Years
290,Data Architect,Senior Solution Azure Data Architect,JS IT Tech Solutions,"['Azure Synapse Analytics', 'Data Flows', 'Azure Data Warehouse']",Full time,"Bengaluru / Bangalore, Hyderabad / Secunderabad, Telangana",10-15 Years
291,Data Architect,Data Architect,Tata Group,"['Salesforce', 'snowflake', 'stakeholders', 'CRM']",Full time,"Hyderabad / Secunderabad, Telangana, India",5-12 Years
292,Data Architect,Cloud Data Architect,Boston Consulting Group,"['snowflake', 'Spark / Databricks', 'Security Protocols']",Full time,India,10-12 Years
293,Data Architect,Senior Principal Consultant - Data Architect,Genpact,"['Data Modernization', 'Programming and Scripting']",Full time,Pune,0-2 Years
294,Data Architect,Data Architect,Deutsche Bank,"['Filenet', 'security concepts', 'Oracle/MySQL']",Full time,"Pune, India",9-12 Years
295,Data Architect,Data Reporting Architect -SAC,Veeva,"['SAP Analytics Cloud', 'Datasphere', 'Analysis for Office']",Full time,India,0-2 Years
296,Data Architect,Snowflake Architect,Ltimindtree Limited,"['snowflake', 'Data Warehouse', 'Etl', 'Data Architect']",Full time,"Bengaluru / Bangalore, Pune",2-7 Years
297,Data Architect,Senior Principal Consultant- Product Lead/ Data Architect,Genpact,"['snowflake', 'Microstrategy', 'Databrick platform']",Full time,Bengaluru / Bangalore,0-2 Years
298,Data Architect,Data Architect - Azure,Capco,"['COBOL copy book', 'Microsoft Azure Data Services']",Full time,"Bengaluru / Bangalore, India",12-14 Years
299,Data Architect,Looking for Data Modelling with Sql Expertise,Anri FS Private Limited,"['Datamodeler', 'Data Modeling', 'Data Architect']",Full time,"Bengaluru / Bangalore, Gurgaon / Gurugram",4-9 Years
300,Data Architect,Architect - Data,Icertis Solutions,"['Hadoop', 'Power Bi', 'Ssrs', 'Scala', 'Tableau']",Full time,"Pune, India",5-8 Years
301,Data Scientist,Data Scientist,Cognizant,"['Entity Extraction', 'Google Dialogflow', 'ERNIE']",Full time,"Pune, India",10-16 Years
302,Data Scientist,Data Scientist 2,PayPal,"['Visualization', 'a/b testing', 'Statistics', 'Analytics']",Full time,India,2-4 Years
303,Data Scientist,Data Scientist,HNM Solutions,"['AWS', 'Data Scientist', 'Scikit Learn', 'Ml']",Full time,"Bengaluru / Bangalore, Hyderabad / Secunderabad, Telangana",3-4 Years
304,Data Scientist,Data Scientist 3,Oracle,"['Nlp', 'Machine Learning', 'data engineering']",Full time,"Bengaluru / Bangalore, India",0-2 Years
305,Data Scientist,Data Scientist,Company name confidential,"['Power Bi', 'Sql']","Work From Home, Full time",Bengaluru / Bangalore,0-5 Years
306,Data Scientist,Data Scientist Job,Dmaic Academy And Consultancy,['Data Scientist'],Full time,"Hyderabad / Secunderabad, Telangana",5-7 Years
307,Data Scientist,Data Scientist,Serendipity Corporate Services,['Python'],Full time,Pune,2-4 Years
308,Data Scientist,Sr Data Scientist,servicenow,"['code tuning', 'Profiling', 'Java', 'Oop', 'Algorithms']",Full time,"Hyderabad / Secunderabad, Telangana, India",5-7 Years
309,Data Scientist,Data Scientist 1,PayPal,"['Forecasting', 'multivariate testing', 'Root Cause Analysis']",Full time,India,1-3 Years
310,Data Scientist,Immediately Hiring For Data Scientist | 5 to 8 years experience,Birlasoft Limited,"['Data Science', 'Machine Learning', 'Nlp']",Full time,"Noida, Pune",5-8 Years
311,Data Scientist,Data Scientist,Airbus pioneers,"['Feasibility Studies', 'IT products', 'best practices']",Full time,"Bengaluru / Bangalore, India",Fresher
312,Data Scientist,Lead Data Scientist,Intellexe Management Consultants,"['Pyspark: Spark', 'R', 'Python', 'Data Science']","Jobs for Women, Full time",Chennai,8-15 Years
313,Data Scientist,Data Scientist,Prt Software Solutions LLP,"['Deep Learning', 'Nlp', 'Machine Learning', 'Classifieds']",Full time,"Bengaluru / Bangalore, Cochin / Kochi / Ernakulam",8-13 Years
314,Data Scientist,Data Scientist- IT,Elite,"['Statistical Modelling.', 'Data Scientist', 'Sql', 'Python']",Full time,Coimbatore,1-6 Years
315,Data Scientist,Data Scientist,Elite,['Data Scientist'],Full time,Coimbatore,2-7 Years
316,Data Scientist,Data Scientist Engineer,FIS,"['API Integrations', 'PowerBI Reports', 'Azure SQL MI']",Full time,"Pune, India",5-12 Years
317,Data Scientist,Data Scientist 2,PayPal,"['Model lifecycle management', 'R', 'Probability techniques']",Full time,India,1-3 Years
318,Data Scientist,Data Science Internship at Ahmedabad,Maxgen Technologies Private Limited,"['Internship', 'Live Projects', 'Projects', 'Academic Projects']",Full time,"Ahmedabad, Surendranagar",Fresher
319,Data Scientist,Sr Data Scientist,Uplers,"['R Python', 'Data Visualisation', 'Data Science']",Full time,"Hyderabad / Secunderabad, Telangana, India",3-6 Years
320,Data Scientist,Data Scientist,Company name confidential,"['Machine Learning', 'Python']","Work From Home, Full time",Bengaluru / Bangalore,0-5 Years
321,Data Scientist,DATA SCIENCE INTERNSHIP AT AHMEDABAD,Maxgen Technologies Private Limited,"['Internship', 'Live Projects', 'Academic Projects']",Full time,"Ahmedabad, Anand",Fresher
322,Data Scientist,DATA SCIENCE INTERNSHIP AT PUNE,Maxgen Technologies Private Limited,"['Internship', 'Live Projects', 'Academic Projects']",Full time,"Pune, Aurangabad",Fresher
323,Data Scientist,Data Scientist,Company name confidential,"['Big Data', 'Machine Learning']","Work From Home, Full time","Bengaluru / Bangalore, Pune",1-5 Years
324,Data Scientist,Senior Data Scientist,Uplers,"['R Python', 'Data Visualisation', 'Data Science']",Full time,"Hyderabad / Secunderabad, Telangana, India",3-6 Years
325,Data Scientist,Data Scientist,Elite,['Data Scientist'],Full time,Coimbatore,2-7 Years
326,Data Scientist,Data Scientist,Ericsson,"['Prediction Models', 'Llm', 'Gen AI', 'Pyspark']",Full time,"Noida, India",5-10 Years
327,Data Scientist,DATA SCIENCE INTERNSHIP IN PUNE,Maxgen Technologies Private Limited,"['Internship', 'Live Projects', 'Academic Projects']",Full time,Nanded,Fresher
328,Data Scientist,Data Scientist-Python developer,Mpowering HR Solutions,"['Data Preprocessing', 'AzureML', 'python package development']",Full time,"Bengaluru / Bangalore, Pune",3-8 Years
329,Data Scientist,Lead- Data scientist,Company name confidential,"['Data learning', 'Data Scientist']","Jobs for Women, Full time",Ahmedabad,4-7 Years
330,Data Scientist,Data Scientist,Company name confidential,"['Python', 'Ruby']","Work From Home, Full time",Bengaluru / Bangalore,0-5 Years
331,Data Scientist,Senior Data Scientist,Uplers,"['R Python', 'Data Visualisation', 'Data Science']",Full time,"Hyderabad / Secunderabad, Telangana, India",3-6 Years
332,Data Scientist,Data Scientist,Informatica,"['Power Bi', 'Dax', 'Python', 'Sql']",Full time,"Bengaluru / Bangalore, India",3-5 Years
333,Data Scientist,"Data Scientist , AI /Machine Learning Engineer",Uplers,"['Generative AI', 'Machine Learning', 'software design patterns']",Full time,"Hospet, India",0-5 Years
334,Data Scientist,Data Scientist,Amazon Music,"['Optimization', 'r', 'Data Analysis', 'Statistical Modeling']",Full time,India,3-5 Years
335,Data Scientist,Senior Data Scientist,Uplers,"['R Python', 'Data Visualisation', 'Data Science']",Full time,"Hyderabad / Secunderabad, Telangana, India",3-6 Years
336,Data Scientist,"Data Scientist , AI /Machine Learning Engineer",Uplers,"['Generative AI', 'Machine Learning', 'software design patterns']",Full time,"Ooty, India",0-5 Years
337,Data Scientist,"Data Scientist , AI /Machine Learning Engineer",Uplers,"['Generative AI', 'Machine Learning', 'software design patterns']",Full time,"India, Mysore",0-5 Years
338,Data Scientist,Data Scientist,Ericsson,"['Prediction Models', 'Llm', 'Gen AI', 'Pyspark']",Full time,"Noida, India",5-10 Years
339,Data Scientist,Manager_Data Scientist,Vodafone Intelligent Solutions,[],Full time,"Pune, India",Fresher
340,Data Scientist,Sr Data Scientist,Uplers,"['R Python', 'Data Visualisation', 'Data Science']",Full time,"Hyderabad / Secunderabad, Telangana, India",3-6 Years
341,Data Scientist,Data Scientist - Senior Manager,Genpact,"['Gradient Boosting', 'Scikit-learn', 'Classification']",Full time,Bengaluru / Bangalore,0-2 Years
342,Data Scientist,"Data Scientist , AI /Machine Learning Engineer",Uplers,"['Generative AI', 'Machine Learning', 'software design patterns']",Full time,"Coimbatore, India",0-5 Years
343,Data Scientist,Sr Data Scientist,Michael Page,"['sagemaker', 'scikit-learn', 'dbt', 'dataiku', 'Seaborn']",Full time,"Bengaluru / Bangalore, India",7-9 Years
344,Data Scientist,Data Scientist Engineer,FIS,"['API Integrations', 'PowerBI Reports', 'Azure SQL MI']",Full time,"Pune, India",5-12 Years
345,Data Scientist,Staff Engineer - Data Scientist,Freshworks,"['knowledge graphs', 'LLMs', 'Transformers', 'AI frameworks']",Full time,"Bengaluru / Bangalore, India",8-10 Years
346,Data Scientist,Sr Data Scientist,servicenow,"['random forests', 'Bayesian Methods', 'Business']",Full time,"Hyderabad / Secunderabad, Telangana, India",2-3 Years
347,Data Scientist,Senior Data Scientist,FourKites,"['Cloud Platforms', 'C/C++', 'Machine Learning']",Full time,"Chennai, India",0-5 Years
348,Data Scientist,"Data Scientist , AI /Machine Learning Engineer",Uplers,"['Generative AI', 'Machine Learning', 'software design patterns']",Full time,"Nilanga, India",0-5 Years
349,Data Scientist,"AVP, Data Science (L11)",Synchrony Financial,"['SAS Certified Data Scientist', 'XG Boost', 'AWS Certified Machine Learning']",Full time,Harsewakpur No.2,6-8 Years
350,Data Scientist,"Data Scientist , AI /Machine Learning Engineer",Uplers,"['Generative AI', 'Machine Learning', 'software design patterns']",Full time,"India, Mysore",0-5 Years
351,Data Scientist,Data Scientist,Informatica,"['Power Bi', 'Dax', 'Python', 'Sql']",Full time,"Bengaluru / Bangalore, India",3-5 Years
352,Data Scientist,"Data Scientist , AI /Machine Learning Engineer",Uplers,"['Generative AI', 'Machine Learning', 'software design patterns']",Full time,India,5-9 Years
353,Data Scientist,"Data Scientist , AI /Machine Learning Engineer",Uplers,"['Generative AI', 'Machine Learning', 'software design patterns']",Full time,"Madurai, India",0-5 Years
354,Data Scientist,Data Scientist 3,PayPal,"['R', 'Linux', 'SAS', 'Tableau', 'Marketo', 'Google Analytics']",Full time,India,9-11 Years
355,Data Scientist,"Data Scientist , AI /Machine Learning Engineer",Uplers,"['Generative AI', 'Machine Learning', 'software design patterns']",Full time,"Raichur, India",0-5 Years
356,Data Scientist,DATA SCIENCE INTERNSHIP AT AHMEDABAD,Maxgen Technologies Private Limited,"['Internship', 'Live Projects', 'Academic Projects']",Full time,"Ahmedabad, Anand",Fresher
357,Data Scientist,data scientist,Infinix Immigration Service Private Limited,"['Database Administrator', 'Data Analysis', 'Database']","International, Full time","Germany, Hong Kong",1-3 Years
358,Data Scientist,DATA SCIENCE INTERNSHIP IN PUNE,Maxgen Technologies Private Limited,"['Internship', 'Live Projects', 'Academic Projects']",Full time,"Pune, Sangli",Fresher
359,Data Scientist,DATA SCIENCE INTERNSHIP AN PUNE,Maxgen Technologies Private Limited,"['Internship', 'Live Projects', 'Academic Projects']",Full time,"Pune, Aurangabad",Fresher
360,Data Scientist,DATA SCIENCE INTERNSHIP AT PUNE,Maxgen Technologies Private Limited,"['Internship', 'Live Projects', 'Academic Projects']",Full time,"Pune, Jalgaon",Fresher
361,Data Scientist,Senior Data Scientist,Oceaneering,"['Deep Stream Framework', 'NVIDIA""s Jetson Board']",Full time,"Pune, India",3-5 Years
362,Data Scientist,Senior Data Scientist,NETAPP,"['Ai', 'Natural Language Processing', 'Deep Learning']",Full time,"Bengaluru / Bangalore, India",8-12 Years
363,Data Scientist,Data Scientist,A.P. Moller - Maersk,"['Ai', 'Data Science', 'Machine Learning', 'Data Analytics']",Full time,"Pune, India",0-2 Years
364,Data Scientist,Lead Platform Cloud Engineer,Tata Group,"['Cognitive Services', 'Purview', 'Fabric', 'IaC']",Full time,"Hyderabad / Secunderabad, Telangana, India",10-12 Years
365,Data Scientist,Senior Data Scientist Engineer,A.P. Moller - Maersk,"['KubeFlow', 'Airflow', 'Scikit-Learn', 'Recommendation Systems']",Full time,"Bengaluru / Bangalore, India",0-10 Years
366,Data Scientist,Data Scientist,ExxonMobil,"['commercial software teams', 'commercial software development']",Full time,"Bengaluru / Bangalore, India",4-6 Years
367,Data Scientist,Data Scientist,NETAPP,"['unsupervised', 'Data Intelligence', 'AI/ML', 'supervised']",Full time,"Bengaluru / Bangalore, India",4-8 Years
368,Data Scientist,DG-Manager-Data Scientist,Genpact,"['R', 'Sql', 'Power Bi', 'Plsql', 'Python', 'Tableau']",Full time,"Hyderabad / Secunderabad, Telangana",0-2 Years
369,Data Scientist,Senior ML Ops Engineer,Aptiv,"['Airflow', 'versioning', 'Architect', 'scikit-learn']",Full time,"Bengaluru / Bangalore, India",7-12 Years
370,Data Scientist,Sr. Data Scientist,Visa,"['R', 'Hive', 'Tableau', 'Sql', 'Python']",Full time,"Bengaluru / Bangalore, India",2-4 Years
371,Data Scientist,Senior ML Ops Engineer,Aptiv,"['Airflow', 'versioning', 'Architect', 'scikit-learn']",Full time,"Bengaluru / Bangalore, India",5-15 Years
372,Data Scientist,Manager - Data Scientist,Mphasis,"['BERT', 'LSTM', 'Dataiku', 'RNNs', 'No-SQL', 'Machine Learning']",Full time,"Hyderabad / Secunderabad, Telangana, India",4-10 Years
373,Data Scientist,Data Scientist,Ericsson,"['statistical learning', 'Real time data ingestion']",Full time,"Noida, India",5-15 Years
374,Data Scientist,Data Scientist - credit card,Visa,"['Transformation', 'scalable solutions', 'Go', 'Ingestion']",Full time,"Bengaluru / Bangalore, India",5-7 Years
375,Data Scientist,Jr. Data Scientist,Akzonbel,"['R', 'python', 'Tibco Spotfire', 'SAP', 'Alteryx']",Full time,"Pune, India",1-3 Years
376,Data Scientist,DG- Assistant Manager-Data Scientist,Genpact,"['R', 'Sql', 'Power Bi', 'Plsql', 'Python', 'Tableau']",Full time,Bengaluru / Bangalore,0-2 Years
377,Data Scientist,Lead Data Scientist,Freshworks,"['Machine Learning', 'Python', 'Big Data', 'Data Structures']",Full time,"Bengaluru / Bangalore, India",0-2 Years
378,Data Scientist,Data Scientist,A.P. Moller - Maersk,"['Ai', 'Statistics', 'Data Analytics', 'Machine Learning']",Full time,"Pune, India",0-2 Years
379,Data Scientist,"Senior Vice President, Data Scientist",Bank of New York,"['Risk Analytics', 'Fx', 'Pricing', 'Fixed Income']",Full time,"Pune, India",16-18 Years
380,Data Scientist,Data Scientist I,DP World,"['scikitlearn', 'Statistical Techniques', 'Machine Learning']",Full time,"Bengaluru / Bangalore, India",3-6 Years
381,Data Scientist,Data Scientist,Carrier Global,"['Statistics', 'R', 'Algebra', 'Python', 'Sql', 'Hadoop']",Full time,"Hyderabad / Secunderabad, Telangana, India",6-9 Years
382,Data Scientist,Senior Data Scientist,Barclays,"['R', 'matrix leadership', 'financial analysis', 'Management Accounting']",Full time,Delhi,0-2 Years
383,Data Scientist,MLOps Senior Data Scientist,GE Digital,"['Storytelling', 'realtime analytics development']",Full time,"Bengaluru / Bangalore, India",4-6 Years
384,Data Scientist,Lead Data Scientist,Freshworks,"['Machine Learning', 'Python', 'Big Data', 'Data Structures']",Full time,"Bengaluru / Bangalore, India",0-2 Years
385,Data Scientist,Data Scientist,A.P. Moller - Maersk,"['Ai', 'Statistics', 'Machine Learning', 'Data Analytics']",Full time,"Pune, India",0-2 Years
386,Data Scientist,Data Scientist II,DP World,"['LLMs', 'scikitlearn', 'Inventory management & forecasting']",Full time,"Bengaluru / Bangalore, India",5-10 Years
387,Data Scientist,Senior Data Scientist - Marketplace,Gojek,"['Statistics', 'Ml', 'Data Science', 'Machine Learning']",Full time,"Bengaluru / Bangalore, India",5-7 Years
388,Data Scientist,Sr Data Scientist,Amazon Music,"['Ai', 'Large Foundational Models', 'Unsupervised']",Full time,India,6-8 Years
389,Data Scientist,DATA SCIENCE INTERNSHIP IN PUNE,Maxgen Technologies Private Limited,"['Internship', 'Live Projects', 'Academic Projects']",Full time,Nanded,Fresher
390,Data Scientist,DATA SCIENCE INTERNSHIP AT AHMEDABAD,Maxgen Technologies Private Limited,"['Internship', 'Live Projects', 'Academic Projects']",Full time,"Ahmedabad, Anand",Fresher
391,Data Scientist,MLOps Senior Data Scientist,GE Digital,"['Storytelling', 'realtime analytics development']",Full time,"Bengaluru / Bangalore, India",4-6 Years
392,Data Scientist,Sr Data Scientist,Amazon Music,"['Ai', 'Large Foundational Models', 'Unsupervised']",Full time,India,6-8 Years
393,Data Scientist,Sr. D&T Data Scientist,General Mills,"['composer', 'ML supervised algorithms', 'FMCG/CPG domain']",Full time,"Mumbai, India",10-12 Years
394,Data Scientist,Data Scientist,A.P. Moller - Maersk,"['Ai', 'Statistics', 'Machine Learning', 'Data Analytics']",Full time,"Pune, India",0-2 Years
395,Data Scientist,Lead Data Scientist,Freshworks,"['Machine Learning', 'Python', 'Big Data', 'Data Structures']",Full time,"Bengaluru / Bangalore, India",0-2 Years
396,Data Scientist,Lead Data Scientist,Lowe's India,"['Airflow', 'Trino', 'Java', 'Rust', 'Hadoop', 'Scala']",Full time,"Bengaluru / Bangalore, India",2-6 Years
397,Data Scientist,DG- Assistant Manager-Data Scientist,Genpact,"['R', 'Sql', 'Power Bi', 'Plsql', 'Python', 'Tableau']",Full time,Bengaluru / Bangalore,0-2 Years
398,Data Scientist,Data Scientist,Sprinklr,"['topic modeling', 'anomaly detection', 'R', 'Blending']",Full time,"Gurgaon / Gurugram, India",0-2 Years
399,Data Scientist,Lead Data Scientist,Freshworks,"['Machine Learning', 'Python', 'Big Data', 'Data Structures']",Full time,"Bengaluru / Bangalore, India",0-2 Years
400,Data Scientist,Lead Data Scientist,Epsilon India,"['Ai', 'DL', 'attribution modeling', 'Classification']",Full time,"Bengaluru / Bangalore, India",8-10 Years
401,Machine Learning Engineer,Machine Learning Ops Engineer,LTIMindtree Limited,"['Machine Learning Ops', 'Machine Learning']",Full time,"Bengaluru / Bangalore, Chennai",5-9 Years
402,Machine Learning Engineer,Machine Learning Engineer Required in Abroad,Donivia Overseas Private Limited,"['machine learning engineer', 'Machine Learning']",Full time,"Bengaluru / Bangalore, Hyderabad / Secunderabad, Telangana",2-12 Years
403,Machine Learning Engineer,Machine Learning Engineer,Uplers,"['SparkData Structure', 'Ab Test Design', 'Problem Solving Attitude']",Full time,"Hyderabad / Secunderabad, Telangana, India",2-4 Years
404,Machine Learning Engineer,Machine Learning Engineer 2,PayPal,"['distributed databases', 'Statistical Analysis']",Full time,India,0-2 Years
405,Machine Learning Engineer,Sr. Staff / Staff - ARVR Application Engineer,Stryker,"['AVFoundation', 'RealityKit', 'ARKit', 'Ios Development']",Full time,"Bengaluru / Bangalore, India",4-6 Years
406,Machine Learning Engineer,Sr. Staff / Staff - ARVR Application Engineer,Stryker,"['AVFoundation', 'RealityKit', 'ARKit', 'Ios Development']",Full time,"Bengaluru / Bangalore, India",4-6 Years
407,Machine Learning Engineer,Machine Learning Engineer,Uplers,"['SparkData Structure', 'Ab Test Design', 'Problem Solving Attitude']",Full time,"Noida, India",2-4 Years
408,Machine Learning Engineer,Machine Learning Engineer Required in Abroad,Donivia Overseas Private Limited,"['machine learning engineer', 'Machine Learning']",Full time,"Bengaluru / Bangalore, Hyderabad / Secunderabad, Telangana",2-12 Years
409,Machine Learning Engineer,Machine Learning Engineer,Uplers,"['SparkData Structure', 'Ab Test Design', 'Problem Solving Attitude']",Full time,"Bengaluru / Bangalore, India",2-4 Years
410,Machine Learning Engineer,Machine Learning Engineer,Uplers,"['Ai', 'Machine Learning', 'MLops', 'Python']",Full time,"Nagpur, India",7-9 Years
411,Machine Learning Engineer,Machine Learning Engineer 3,PayPal,"['Ai', 'Big Data Platform', 'Java', 'Scripting', 'Java EE']",Full time,India,2-4 Years
412,Machine Learning Engineer,Sr. Staff / Staff - ARVR Application Engineer,Stryker,"['AVFoundation', 'RealityKit', 'ARKit', 'Ios Development']",Full time,"Bengaluru / Bangalore, India",4-6 Years
413,Machine Learning Engineer,Machine Learning Engineer,Uplers,"['SparkData Structure', 'Ab Test Design', 'Problem Solving Attitude']",Full time,"Chennai, India",2-4 Years
414,Machine Learning Engineer,Machine Learning Engineer,Uplers,"['SparkData Structure', 'Ab Test Design', 'Problem Solving Attitude']",Full time,"Ahmedabad, India",2-4 Years
415,Machine Learning Engineer,Machine Learning Engineer,Uplers,"['SparkData Structure', 'Ab Test Design', 'Problem Solving Attitude']",Full time,"Mumbai, India",2-4 Years
416,Machine Learning Engineer,Machine Learning Engineer,Uplers,"['SparkData Structure', 'Ab Test Design', 'Problem Solving Attitude']",Full time,"Hyderabad / Secunderabad, Telangana, India",2-4 Years
417,Machine Learning Engineer,Lead Software Engineer - Machine Learning,Freshworks,"['Big Data Tech', 'Streaming Applications', 'Machine Learning']",Full time,"Bengaluru / Bangalore, India",0-2 Years
418,Machine Learning Engineer,Machine Learning Engineer,Uplers,"['Ai', 'Machine Learning', 'MLops', 'Python']",Full time,"Aurangabad, India",7-9 Years
419,Machine Learning Engineer,Sr. Staff / Staff - ARVR Application Engineer,Stryker,"['AVFoundation', 'RealityKit', 'ARKit', 'Ios Development']",Full time,"Bengaluru / Bangalore, India",4-6 Years
420,Machine Learning Engineer,Sr. Staff / Staff - ARVR Application Engineer,Stryker,"['AVFoundation', 'RealityKit', 'ARKit', 'Ios Development']",Full time,"Bengaluru / Bangalore, India",4-6 Years
421,Machine Learning Engineer,Machine Learning Lead Engineer,Carrier Global,"['scikit-learn', 'caffe', 'langchain', 'r', 'Statistical Modeling']",Full time,"Hyderabad / Secunderabad, Telangana, India",6-12 Years
422,Machine Learning Engineer,Machine Learning Engineer,Uplers,"['SparkData Structure', 'Ab Test Design', 'Problem Solving Attitude']",Full time,"Noida, India",2-4 Years
423,Machine Learning Engineer,Machine Learning Engineer,Uplers,"['SparkData Structure', 'Ab Test Design', 'Problem Solving Attitude']",Full time,"Bengaluru / Bangalore, India",2-4 Years
424,Machine Learning Engineer,Machine Learning Engineer,Uplers,"['SparkData Structure', 'Ab Test Design', 'Problem Solving Attitude']",Full time,"Pune, India",2-4 Years
425,Machine Learning Engineer,Machine Learning Engineer,Uplers,"['SparkData Structure', 'Ab Test Design', 'Problem Solving Attitude']",Full time,"Ahmedabad, India",2-4 Years
426,Machine Learning Engineer,Sr. Staff / Staff - ARVR Application Engineer,Stryker,"['AVFoundation', 'RealityKit', 'ARKit', 'Ios Development']",Full time,"Bengaluru / Bangalore, India",4-6 Years
427,Machine Learning Engineer,Machine Learning Engineer,Uplers,"['SparkData Structure', 'Ab Test Design', 'Problem Solving Attitude']",Full time,"Chennai, India",2-4 Years
428,Machine Learning Engineer,Machine Learning Engineer- WFH,Uplers,"['SparkData Structure', 'Ab Test Design', 'Problem Solving Attitude']",Full time,"Mumbai, India",2-4 Years
429,Machine Learning Engineer,Machine Learning Engineer- WFH,Uplers,"['SparkData Structure', 'Ab Test Design', 'Problem Solving Attitude']",Full time,"Hyderabad / Secunderabad, Telangana, India",2-4 Years
430,Machine Learning Engineer,Machine Learning Engineer,Uplers,"['SparkData Structure', 'Ab Test Design', 'Problem Solving Attitude']",Full time,"Mumbai, India",2-4 Years
431,Machine Learning Engineer,Senior ML Engineer,Uplers,"['ChatGPT', 'llm prompt engineering', 'snowflake']",Full time,"Kolkata, India",4-6 Years
432,Machine Learning Engineer,Senior Machine Learning Engineer,Epsilon India,"['Serverless Frameworks', 'Data Catalog', 'Agile/Scrum']",Full time,"Bengaluru / Bangalore, India",5-7 Years
433,Machine Learning Engineer,Machine Learning Engineer,Company name confidential,"['Machine Learning', 'Python']","Work From Home, Full time",Bengaluru / Bangalore,0-4 Years
434,Machine Learning Engineer,Senior ML Engineer,Uplers,"['ChatGPT', 'llm prompt engineering', 'snowflake']",Full time,"Bengaluru / Bangalore, India",4-6 Years
435,Machine Learning Engineer,Machine Learning Engineer,Uplers,"['Large Language Model (LLM)', 'Machine Learning']",Full time,"Pune, India",7-9 Years
436,Machine Learning Engineer,Senior AI Engineer - Machine Learning,ZS Associates,"['ML development', 'Airflow', 'feature engineering']",Full time,"Bengaluru / Bangalore, India",4-6 Years
437,Machine Learning Engineer,Sr. Cloud Developer,Hewlett Packard Enterprise,"['Scala', 'Pytorch', 'Tensorflow', 'Python', 'Kubernetes']",Full time,"Hyderabad / Secunderabad, Telangana, India",7-9 Years
438,Machine Learning Engineer,Cloud Developer,Hewlett Packard Enterprise,"['Scala', 'Pytorch', 'Tensorflow', 'Python', 'Kubernetes']",Full time,"Hyderabad / Secunderabad, Telangana, India",5-7 Years
439,Machine Learning Engineer,Senior ML Engineer,Uplers,"['ChatGPT', 'llm prompt engineering', 'snowflake']",Full time,"Ghaziabad, India",4-6 Years
440,Machine Learning Engineer,Machine Learning Engineer,Uplers,"['R Python', 'Problem Solving Attitude', 'Machine Learning']",Full time,"Hyderabad / Secunderabad, Telangana, India",3-5 Years
441,Machine Learning Engineer,Machine Learning Engineer- WFH,Uplers,"['Large Language Model (LLM)', 'Machine Learning']",Full time,"Pune, India",7-9 Years
442,Machine Learning Engineer,Senior Engineering Manager - Machine Learning,Freshworks,"['ASR', 'Cv', 'Deep Learning', 'Distributed Systems']",Full time,"Bengaluru / Bangalore, India",0-2 Years
443,Machine Learning Engineer,Senior Machine Learning Engineer,Porter,"['Statistics', 'snowflake', 'Statistical Modeling']",Full time,"Bengaluru / Bangalore, India",4-7 Years
444,Machine Learning Engineer,Machine Learning Engineer II,Uplers,"['ChatGPT', 'llm prompt engineering', 'snowflake']",Full time,"Pune, India",4-6 Years
445,Machine Learning Engineer,Senior ML Engineer,Uplers,"['ChatGPT', 'llm prompt engineering', 'snowflake']",Full time,"Mumbai, India",4-6 Years
446,Machine Learning Engineer,"Data Scientist , AI /Machine Learning Engineer",Uplers,"['Generative AI', 'Machine Learning', 'software design patterns']",Full time,"Raichur, India",0-5 Years
447,Machine Learning Engineer,"Data Scientist , AI /Machine Learning Engineer",Uplers,"['Generative AI', 'Machine Learning', 'software design patterns']",Full time,"Hospet, India",0-5 Years
448,Machine Learning Engineer,"Data Scientist , AI /Machine Learning Engineer",Uplers,"['Generative AI', 'Machine Learning', 'software design patterns']",Full time,"Ooty, India",0-5 Years
449,Machine Learning Engineer,Machine Learning Engineer 2,Twillio,"['Flink', 'Python', 'Java', 'Deep Learning', 'Dynamodb']",Full time,"Bengaluru / Bangalore, India",2-4 Years
450,Machine Learning Engineer,AI and Machine Learning Engineer,Hewlett Packard Enterprise,"['Machine Learning', 'Artificial Intelligence', 'Python']",Full time,"Bengaluru / Bangalore, India",0-3 Years
451,Machine Learning Engineer,"Data Scientist , AI /Machine Learning Engineer",Uplers,"['Generative AI', 'Machine Learning', 'software design patterns']",Full time,"Coimbatore, India",0-5 Years
452,Machine Learning Engineer,"Data Scientist , AI /Machine Learning Engineer",Uplers,"['Generative AI', 'Machine Learning', 'software design patterns']",Full time,India,5-9 Years
453,Machine Learning Engineer,Machine Learning Engineer,A.P. Moller - Maersk,"['simulated annealing', 'scikit-learn', 'Genetic']",Full time,"Bengaluru / Bangalore, India",2-4 Years
454,Machine Learning Engineer,"Data Scientist , AI /Machine Learning Engineer",Uplers,"['Generative AI', 'Machine Learning', 'software design patterns']",Full time,"India, Mysore",0-5 Years
455,Machine Learning Engineer,Machine Learning Engineer (L3),Twillio,"['Python', 'Keras', 'Pytorch', 'Dynamodb', 'Tensorflow']",Full time,"Bengaluru / Bangalore, India",5-7 Years
456,Machine Learning Engineer,"Data Scientist , AI /Machine Learning Engineer",Uplers,"['Generative AI', 'Machine Learning', 'software design patterns']",Full time,"Nilanga, India",0-5 Years
457,Machine Learning Engineer,"Data Scientist , AI /Machine Learning Engineer",Uplers,"['Generative AI', 'Machine Learning', 'software design patterns']",Full time,"Madurai, India",0-5 Years
458,Machine Learning Engineer,Python Developer,HCL Technologies Limited,"['Python', 'Microservices', 'Kubernetes', 'Machine Learning']",Full time,Bengaluru / Bangalore,3-10 Years
459,Machine Learning Engineer,Machine Learning Operation Engineer,Future A4,"['Machine Learning', 'Data Science', 'python']",Full time,Bengaluru / Bangalore,3-8 Years
460,Machine Learning Engineer,ETL Developer,HighPoints Technologies India Private Limited,['ETL Developer'],Full time,"Gurgaon / Gurugram, Chandigarh",3-6 Years
461,Machine Learning Engineer,Sr. ML Engineer (WFH),Uplers,"['ChatGPT', 'llm prompt engineering', 'snowflake']",Full time,"Noida, India",4-6 Years
462,Machine Learning Engineer,ML Developer- WFH,Uplers,"['ChatGPT', 'llm prompt engineering', 'snowflake']",Full time,"Ahmedabad, India",4-6 Years
463,Machine Learning Engineer,Embedded AI/ML-SOC,Aptiv,"['Performance Optimization', 'Fixed Point Implementation']",Full time,"Bengaluru / Bangalore, India",5-10 Years
464,Machine Learning Engineer,Machine Learning Engineer- WFH,Uplers,"['ChatGPT', 'llm prompt engineering', 'snowflake']",Full time,"Noida, India",4-6 Years
465,Machine Learning Engineer,ML Engineer (WFH),Uplers,"['ChatGPT', 'llm prompt engineering', 'snowflake']",Full time,"Ghaziabad, India",6-8 Years
466,Machine Learning Engineer,ML Developer- WFH,Uplers,"['ChatGPT', 'llm prompt engineering', 'snowflake']",Full time,"Hyderabad / Secunderabad, Telangana, India",4-6 Years
467,Machine Learning Engineer,Performance Solutions Engineer (Machine Learning),PubMatic,"['Statistical Techniques', 'ADTECH', 'Interpersonal']",Full time,"Pune, India",0-2 Years
468,Machine Learning Engineer,Senior/Software Development Engineer in Test - Machine Learning,PubMatic,"['Pytest', 'python', 'Machine Learning', 'Testing']",Full time,"Pune, India",1-3 Years
469,Machine Learning Engineer,Embedded AI/ML-SOC,Aptiv,"['compiler', 'instruction sets', 'memory architectures']",Full time,"Bengaluru / Bangalore, India",10-14 Years
470,Machine Learning Engineer,ML Engineer- WFH,Uplers,"['ChatGPT', 'llm prompt engineering', 'snowflake']",Full time,"Pune, India",4-6 Years
471,Machine Learning Engineer,Machine Learning Engineer II,Uplers,"['ChatGPT', 'llm prompt engineering', 'snowflake']",Full time,"Noida, India",0-4 Years
472,Machine Learning Engineer,Sr. ML Engineer (WFH),Uplers,"['ChatGPT', 'llm prompt engineering', 'snowflake']",Full time,"Hyderabad / Secunderabad, Telangana, India",4-6 Years
473,Machine Learning Engineer,Machine Learning ops Engineer,Concentrix,"['scikit-learn', 'ml ops', 'Azure', 'Kubernetes']",Full time,"Bengaluru / Bangalore, India",5-7 Years
474,Machine Learning Engineer,Sr. ML Engineer (WFH),Uplers,"['ChatGPT', 'llm prompt engineering', 'snowflake']",Full time,"Bengaluru / Bangalore, India",4-6 Years
475,Machine Learning Engineer,Machine Learning Engineer- WFH,Uplers,"['ChatGPT', 'llm prompt engineering', 'snowflake']",Full time,"Hyderabad / Secunderabad, Telangana, India",4-6 Years
476,Machine Learning Engineer,Machine Learning - Senior Engineer,Atlassian,"['sci-kit-learn', 'RESTful microservices', 'Python']",Full time,"Bengaluru / Bangalore, India",8-10 Years
477,Machine Learning Engineer,Machine Learning Engineer- WFH,Uplers,"['ChatGPT', 'llm prompt engineering', 'snowflake']",Full time,"Mumbai, India",4-6 Years
478,Machine Learning Engineer,Machine Learning Engineer II,Uplers,"['ChatGPT', 'llm prompt engineering', 'snowflake']",Full time,"Noida, India",0-4 Years
479,Machine Learning Engineer,ML Engineer (WFH),Uplers,"['ChatGPT', 'llm prompt engineering', 'snowflake']",Full time,"Ghaziabad, India",6-8 Years
480,Machine Learning Engineer,Machine Learning Engineer- WFH,Uplers,"['ChatGPT', 'llm prompt engineering', 'snowflake']",Full time,"Noida, India",4-6 Years
481,Machine Learning Engineer,Machine Learning Engineer | ChatGPT,Uplers,"['ChatGPT', 'llm prompt engineering', 'snowflake']",Full time,"Noida, India",6-8 Years
482,Machine Learning Engineer,Product Engineer - Machine Learning,Sprinklr,"['front-end', 'Mobile', 'back-end technologies']",Full time,"Gurgaon / Gurugram, India",0-2 Years
483,Machine Learning Engineer,Machine Learning Engineer II,Uplers,"['ChatGPT', 'llm prompt engineering', 'snowflake']",Full time,"Ghaziabad, India",0-4 Years
484,Machine Learning Engineer,Performance Solutions Engineer (Machine Learning),PubMatic,"['Statistical Techniques', 'ADTECH', 'Interpersonal']",Full time,"Pune, India",0-2 Years
485,Machine Learning Engineer,Machine Learning Quality Engineer,servicenow,"['Source Control', 'profilers', 'system administration/Unix tools']",Full time,"Hyderabad / Secunderabad, Telangana, India",2-4 Years
486,Machine Learning Engineer,Sr. ML Engineer (WFH),Uplers,"['ChatGPT', 'llm prompt engineering', 'snowflake']",Full time,"Pune, India",4-6 Years
487,Machine Learning Engineer,Machine Learning Engineer,servicenow,"['code tuning', 'Profiling', 'Java', 'Unit Testing']",Full time,India,2-4 Years
488,Machine Learning Engineer,Sr. ML Engineer (WFH),Uplers,"['ChatGPT', 'llm prompt engineering', 'snowflake']",Full time,"Bengaluru / Bangalore, India",4-6 Years
489,Machine Learning Engineer,Sr. Machine Learning Engineer (WFH),Uplers,"['ChatGPT', 'llm prompt engineering', 'snowflake']",Full time,"Pune, India",6-8 Years
490,Machine Learning Engineer,Lead Machine Learning Engineer,Epsilon India,"['Serverless Frameworks', 'Data Catalog', 'Agile/Scrum']",Full time,"Bengaluru / Bangalore, India",10-12 Years
491,Machine Learning Engineer,Sr. Machine Learning Engineer (WFH),Uplers,"['ChatGPT', 'llm prompt engineering', 'snowflake']",Full time,"Noida, India",6-8 Years
492,Machine Learning Engineer,Machine Learning Engineer (WFH),Uplers,"['ChatGPT', 'llm prompt engineering', 'snowflake']",Full time,"Delhi, India",6-8 Years
493,Machine Learning Engineer,"Engineer, Staff",Qualcomm,"['Quantization', 'ONNX', 'System Design Fundamentals']",Full time,"Hyderabad / Secunderabad, Telangana, India",2-14 Years
494,Machine Learning Engineer,Staff SW Engineer - Machine Learning Accelerator,Qualcomm,"['Memory', 'Design Patterns Principles', 'Source Code']",Full time,"Bengaluru / Bangalore, India",0-4 Years
495,Machine Learning Engineer,"Engineer, Senior",Qualcomm,"['Tensorflow', 'Machine Learning', 'C++', 'Pytorch']",Full time,"Hyderabad / Secunderabad, Telangana, India",1-6 Years
496,Machine Learning Engineer,Engineer,Qualcomm,"['Playwright', 'Software testing methodologies']",Full time,"Hyderabad / Secunderabad, Telangana, India",1-4 Years
497,Machine Learning Engineer,Machine Learning - Staff Engineer,Qualcomm,"['i2', 'CCIX', 'Rtos', 'Machine Learning', 'Perforce']",Full time,"Bengaluru / Bangalore, India",5-8 Years
498,Machine Learning Engineer,Sr. Machine Learning Engineer (WFH),Uplers,"['ChatGPT', 'llm prompt engineering', 'snowflake']",Full time,"Bengaluru / Bangalore, India",6-8 Years
499,Machine Learning Engineer,Machine Learning Engineer (WFH),Uplers,"['ChatGPT', 'llm prompt engineering', 'snowflake']",Full time,"Bengaluru / Bangalore, India",6-8 Years
500,Machine Learning Engineer,Sr. Machine Learning Engineer (WFH),Uplers,"['ChatGPT', 'llm prompt engineering', 'snowflake']",Full time,"Pune, India",6-8 Years
