key,job_role,job_title,company_name,skills,job_type,location,experience
1,Data Engineer,Onsite Job For IT GCP DATA Engineer USA H1B Visa,Vaakruthi Software Solutions,['Salesforce'],Full time,"Bengaluru / Bangalore, Hyderabad / Secunderabad, Telangana",2-10 Years
2,Data Engineer,BI DATA ENGINEER,HighPoints Technologies India Private Limited,"['BI DATA ENGINEER', 'Domo', 'Etl', 'Sql', 'Agile']",Full time,"Gurgaon / Gurugram, Chandigarh",6-10 Years
3,Data Engineer,L3 Data Center Engineer,HTIS Telecom Private Limited,"['Hardware', 'Datacenter', 'nexus', 'It Infrastructure']",Full time,"Chennai, Mumbai, Mumbai City, Navi Mumbai",12-18 Years
4,Data Engineer,GCP DATA ENGINEER,Adept Strategic Human Resources Management,"['GCP DATA ENGINEER', 'Gcp', 'Docker', 'Kubernetes']",Full time,Bengaluru / Bangalore,7-12 Years
5,Data Engineer,Onsite Job For IT GCP DATA Engineer USA H1B Visa,Vaakruthi Software Solutions,"['Oracle Apps', 'Oracle Apps Functional']",Full time,"Bengaluru / Bangalore, Hyderabad / Secunderabad, Telangana",3-8 Years
6,Data Engineer,Data Integration Engineer,Electrobrain Modern Technologies Private Limited,"['Relationship Building', 'Manager Technology']",Full time,"Noida, Pune",4-8 Years
7,Data Engineer,Data Science Engineer,Electrobrain Modern Technologies Private Limited,['pythondata miningProblem SolvingsqlData Science Pysparkalgorithmsnatural language processingteam handlingtime seriesnosqlanalyticsdeep learningregressionlogistic regressionmongodb'],Full time,"Noida, Pune",3-8 Years
8,Data Engineer,Data Integration Engineer,Electrobrain Modern Technologies Private Limited,"['Relationship Building', 'Manager Technology']",Full time,"Noida, Pune",4-8 Years
9,Data Engineer,Spark / Scala – Data Engineer - Hybrid model,Skanda IT Consulting Private Limited,"['Hive SQL', 'Spark', 'Scala', 'Data Engineer', 'Pyspark']",Full time,"Bengaluru / Bangalore, Mumbai",6-12 Years
10,Data Engineer,AWS/PYTHON DATA ENGINEER,Mpowering HR Solutions,"['Sage maker', 'Network/NACL', 'Bit Bucket', 'Data Engineer']",Full time,"Bengaluru / Bangalore, Pune",7-11 Years
11,Data Engineer,Senior Python Data Engineer,Mpowering HR Solutions,"['Manager Quality Assurance', 'Project management']",Full time,"Bengaluru / Bangalore, Pune",4-8 Years
12,Data Engineer,Data Engineer - Max - 30 LPA,Rapsys Tech Solutions Private Limited,"['data pipelines', 'Java. python', 'hdfs', 'Data Engineer']",Full time,Bengaluru / Bangalore,7-17 Years
13,Data Engineer,Data Engineer - OACS,LTIMindtree Limited,"['OACS', 'OAC', 'OAS']",Full time,Mumbai,3-8 Years
14,Data Engineer,Data Engineer,Career Foresight Hr Solutions Llp,['Data Engineer'],Full time,Cochin / Kochi / Ernakulam,6-10 Years
15,Data Engineer,Data Integration Engineer,Electrobrain Modern Technologies Private Limited,"['Relationship Building', 'Manager Technology']",Full time,"Noida, Pune",4-8 Years
16,Data Analyst,Risk Advisory Data Analytics Analyst,KPMG,"['Advance Excel', 'Python', 'Sql', 'Power Bi', 'Alteryx']",Full time,Mumbai,0-2 Years
17,Data Analyst,Senior Analyst - Data Science,Electrobrain Modern Technologies Private Limited,"['silicon', 'Consulting', 'Analytical', 'Process Documentation']",Full time,"Noida, Pune",2-7 Years
18,Data Analyst,Data Analyst - Max - 30 LPA,Rapsys Tech Solutions Private Limited,"['Data Analyst', 'Data Flow', 'Airflow', 'ibm infosphere']",Full time,Bengaluru / Bangalore,7-17 Years
19,Data Analyst,Data Pull Analyst - Tax & Treasury Operations & Risk Management (Contractor),Oracle,"['Data reconciliations', 'Problem Solving', 'Microsoft Powerpoint']",Full time,India,4-5 Years
20,Data Analyst,DATA ANALYST INTERNSHIP AT PUNE,Maxgen Technologies Private Limited,"['Internship', 'Live Projects', 'Academic Projects']",Full time,"Pune, Solapur",Fresher
21,Data Analyst,Risk Advisory Data Analytics Analyst,KPMG,"['Advance Excel', 'Python', 'Sql', 'Power Bi', 'Alteryx']",Full time,"Gurugram, Gurgaon / Gurugram",0-2 Years
22,Data Analyst,Senior Data Analyst with Tableau and Python,Qualcomm,"['Data Analysis', 'Self Service Analytics', 'Data Model development']",Full time,"Hyderabad / Secunderabad, Telangana, India",1-3 Years
23,Data Analyst,DATA ANALYST INTERNSHIP IN PUNE,Maxgen Technologies Private Limited,"['Internship', 'Live Projects', 'Academic Projects']",Full time,"Pune, Dhule / Dhulia",Fresher
24,Data Analyst,Deputy General Manager_Architect-OPC_Senior RM Data Analyst Lead_Pune,Vodafone Intelligent Solutions,"['PowerQuery', 'Power Apps', 'Python', 'Power Bi']",Full time,"Pune, India",18-20 Years
25,Data Analyst,"Senior Analyst, Analytics - Data Steward (L09)",Synchrony Financial,"['risk management', 'self-assessment', 'workflow monitoring']",Full time,Harsewakpur No.2,2-4 Years
26,Data Analyst,"Senior Analyst, Analytics - Data Steward (L09)",Synchrony Financial,"['risk management', 'workflow monitoring', 'Adaptability']",Full time,Harsewakpur No.2,2-4 Years
27,Data Analyst,Deputy General Manager_Architect-OPC_Senior RM Data Analyst Lead_Pune,Vodafone,"['PowerQuery', 'Power Apps', 'Power Bi', 'Power Automate']",Full time,Pune,18-20 Years
28,Data Analyst,Data Analyst Required,Roundworld Immigration Private Limited,"['Data Analyst', 'Reporting Analyst', 'MIS Analyst']","International, Full time",Canada,2-7 Years
29,Data Analyst,Senior Analyst - Data Science,Electrobrain Modern Technologies Private Limited,"['silicon', 'Consulting', 'Analytical', 'Process Documentation']",Full time,"Chennai, Delhi",2-7 Years
30,Data Analyst,Master Data Steward/Analyst,Akzonbel,"['MDM', 'Root Cause Analysis', 'master data quality']",Full time,"Pune, India",2-3 Years
31,Data Analyst,Master Data Steward/Analyst,Akzonbel,"['MDM', 'Root Cause Analysis', 'master data quality']",Full time,"Pune, India",2-3 Years
32,Data Analyst,Business Data Analyst:,Airbus pioneers,"['KPI', 'Skywise', 'Decision Making', 'Aircraft', 'Interpersonal Skills']",Full time,"Bengaluru / Bangalore, India",0-2 Years
33,Data Analyst,Associate Data Analyst,Clarivate,"['Data Analysis', 'data presentation', 'Data Storage']",Full time,"Bengaluru / Bangalore, India",1-3 Years
34,Data Analyst,Assistant Manager-Data Quality Analyst,Genpact,"['Reltio MDM platform', 'Data Quality', 'Master Data Governance']",Full time,Bengaluru / Bangalore,0-2 Years
35,Data Analyst,"Senior Associate- Data Hierarchy Analyst, Master Data Management",Genpact,"['Data Analysis', 'Communication', 'Problem Solving']",Full time,Bengaluru / Bangalore,0-2 Years
36,Data Analyst,Senior Data Analyst,servicenow,"['Statistics', 'IP networks', 'Excel', 'Power Bi', 'Sql']","International, Full time","Canada, India",5-7 Years
37,Data Analyst,Senior Data Analyst with Tableau and Python,Qualcomm,"['Data Model development', 'Data Analysis', 'Data Exploration']",Full time,"Hyderabad / Secunderabad, Telangana, India",0-3 Years
38,Data Analyst,Need Ataccama OR Alation Data Analyst,Anlage Infotech India Private Limited,"['Ataccama', 'Alation']",Full time,"Bengaluru / Bangalore, Hyderabad / Secunderabad, Telangana",3-13 Years
39,Data Analyst,Data Quality Analyst,Synechron Technologies Private Limited,"['Data Quality Analyst', 'Data Quality', 'Data Management']",Full time,"Delhi, Kolkata",5-7 Years
40,Data Analyst,DATA ANALYST INTERNSHIP AT PUNE,Maxgen Technologies Private Limited,"['Internship', 'Live Projects', 'Academic Projects']",Full time,"Pune, Jalgaon",Fresher
41,Data Analyst,DATA ANALYST INTERNSHIP AN PUNE,Maxgen Technologies Private Limited,"['Internship', 'Live Projects', 'Academic Projects']",Full time,"Pune, Nanded",Fresher
42,Data Analyst,Data Analyst,Apex Covantage India Private Limited,"['Data Conversion', 'Data Entry Operator', 'Data Analyst']",Full time,"Hyderabad / Secunderabad, Telangana",0-1 Years
43,Data Analyst,DATA ANALYST INTERNSHIP AT PUNE,Maxgen Technologies Private Limited,"['Internship', 'Live Projects', 'B - Tech', 'Bca', 'Academic Projects']",Full time,"Pune, Nanded",Fresher
44,Data Analyst,Data Analyst Internship at Ahmedabad,Maxgen Technologies Private Limited,"['Internship', 'Live Projects', 'Academic Projects']",Full time,"Ahmedabad, Mehsana",Fresher
45,Data Analyst,BI Data Analyst,Reva Hr Solutions,"['ETL Developer', 'Etl', 'Powerbi', 'Dataware House']","Work From Home, Full time",Pune,5-7 Years
46,Data Analyst,Senior Data Analyst,Freshworks,"['R', 'Data Modeling', 'Java', 'Data Warehousing']",Full time,"Chennai, India",5-7 Years
47,Data Analyst,Client Reference Data Analyst,Barclays,"['Google', 'Data Analysis', 'Companies House']",Full time,"Pune, India",0-2 Years
48,Data Analyst,Analyst - Data Management,dentsu,"['Digital Marketing', 'Power Query', 'Vba', 'macros']",Full time,"Chennai, India",0-2 Years
49,Data Analyst,Data Analyst-Turbo Cross Sell,IDFC FIRST Bank,"['KPIs', 'Business Metrics', 'TAT', 'Efficiency', 'System Enhancements']",Full time,"Thane, India",5-7 Years
50,Data Analyst,Data Analyst,Uplers,"['Dashboard Implementation', 'Attention-to-Detail']",Full time,"Ghaziabad, India",4-6 Years
51,Data Analyst,Data Analyst- SAP VC,Danfoss,"['Sd', 'Teamcenter', 'LO-VC', 'Kanban', 'CRM']",Full time,"Chennai, India",0-2 Years
52,Data Analyst,Data Analyst,Uplers,"['Dashboard Implementation', 'Attention-to-Detail']",Full time,"Noida, India",4-6 Years
53,Data Analyst,Lead Data Analyst,Games24x7,"['Data Analysis', 'R', 'probability', 'segmentation techniques']",Full time,"Bengaluru / Bangalore, India",5-7 Years
54,Data Analyst,Data quality Analyst,Sprinklr,"['Lusha', 'Data Analysis', 'Cleaning', 'reference documentation']",Full time,"Gurgaon / Gurugram, India",2-4 Years
55,Data Analyst,"TECHNICAL ANALYST (MSTR, data modelling)",Coforge,"['data sources', 'Command Manager', 'self-service analytics']",Full time,"Nagar, India",3-4 Years
56,Data Analyst,Data Services - Lead Analyst,Mphasis,"['Analytical Skill', 'Insurance', 'Ms Office Suite']",Full time,"Pune, India",3-5 Years
57,Data Analyst,Functional & Data Analyst,Deutsche Bank,"['Microsoft Applications', 'Safe', 'Problem-solving']",Full time,"Pune, India",6-8 Years
58,Data Analyst,Data Analyst,S&P Global,"['Chemical', 'Geology', 'Civil', 'Science', 'Mining Engineer']",Full time,"Hyderabad / Secunderabad, Telangana, India",0-2 Years
59,Data Analyst,"Big data, Azure Synapse Senior Analyst Programmer",Tata Group,[],Full time,"Chennai, India",Fresher
60,Data Analyst,Data Analyst- SAP VC,Danfoss,"['SAP LO-VC', 'CRM', 'Sd', 'Kanban', 'PLM Teamcenter']",Full time,India,0-2 Years
61,Data Analyst,DATA ANALYST INTERNSHIP IN PUNE,Maxgen Technologies Private Limited,"['Internship', 'Live Projects', 'Academic Projects']",Full time,"Pune, Aurangabad",Fresher
62,Data Analyst,Data Analyst Internship At Pune,Maxgen Technologies Private Limited,"['Internship', 'Live Projects', 'Academic Projects']",Full time,"Pune, Amravati",Fresher
63,Data Analyst,Data Analyst Internship an Pune,Maxgen Technologies Private Limited,"['Internship', 'Live Projects', 'Academic Projects']",Full time,"Pune, Sangli",Fresher
64,Data Analyst,Data Analyst Internship an Pune,Maxgen Technologies Private Limited,"['Internship', 'Live Projects', 'Academic Projects']",Full time,"Pune, Jalgaon",Fresher
65,Data Analyst,Data Analyst Required,Flarial Services LLP,"['Data Analyst', 'Reporting Analyst', 'MIS Analyst']","International, Full time","Australia, Canada",5-15 Years
66,Data Analyst,DATA ANALYST INTERNSHIP AT PUNE,Maxgen Technologies Private Limited,"['Internship', 'Live Projects', 'Academic Projects']",Full time,"Pune, Nanded",Fresher
67,Data Analyst,Data Analyst Internship an Pune,Maxgen Technologies Private Limited,"['Internship', 'Live Projects', 'Academic Projects']",Full time,"Pune, Solapur",Fresher
68,Data Analyst,Data Analyst Azure BI/Cloud Support Engineer,Company name confidential,"['Azure BI', 'Cloud Engineer']","Jobs for Women, Work From Home, Full time","Bengaluru / Bangalore, Hyderabad / Secunderabad, Telangana",2-5 Years
69,Data Analyst,DATA ANALYST INTERNSHIP AT PUNE,Maxgen Technologies Private Limited,"['Internship', 'Live Projects', 'Academic Projects']",Full time,"Pune, Jalgaon",Fresher
70,Data Analyst,DATA ANALYST INTERNSHIP IN PUNE,Maxgen Technologies Private Limited,"['Internship', 'Live Projects', 'Academic Projects']",Full time,"Pune, Satara",Fresher
71,Data Analyst,IBM Data stage Tech Analyst,Techcom Solutions India Private Limited,"['IIB (IBM Integration Bus)', 'Websphere Mq', 'Ibm Datapower']","International, Full time",Malaysia,5-10 Years
72,Data Analyst,Data Analyst,Macropace Technologies,"['Data Analyst', 'Sql', 'SQL server', 'Power Bi']",Full time,"Chennai, Cochin / Kochi / Ernakulam",4-7 Years
73,Data Analyst,Senior Data Analyst Required in Abroad,Donivia Overseas Private Limited,"['Data Analysis', 'Data Management', 'Data Mining']",Full time,"Delhi, Gurgaon / Gurugram",2-12 Years
74,Data Analyst,DATA ANALYST INTERNSHIP AN PUNE,Maxgen Technologies Private Limited,"['Internship', 'Live Projects', 'Academic Projects']",Full time,"Pune, Aurangabad",Fresher
75,Data Analyst,Data Analyst Internship an Pune,Maxgen Technologies Private Limited,"['Internship', 'Live Projects', 'Academic Projects']",Full time,"Pune, Jalgaon",Fresher
76,Data Analyst,Global Compliance Systems & Data Analyst,Eastman,"['SAP Report Shipping', 'Word', 'SAP Product Compliance']",Full time,"Hyderabad / Secunderabad, Telangana, India",2-5 Years
77,Data Analyst,Senior Data Analyst,A.P. Moller - Maersk,"['Salesforce', 'salesforce email campaigns', 'Data Analytics']",Full time,"Bengaluru / Bangalore, India",5-7 Years
78,Data Analyst,Senior Manager - Data Analyst,Myntra,"['P&L reporting', 'portfolio', 'Forecasting', 'Inventory']",Full time,"Bengaluru / Bangalore, India",5-7 Years
79,Data Analyst,Senior Data Analyst,Emerson,"['Security', 'Rpd', 'Dashboards', 'Performance Tuning']",Full time,"Pune, India",3-5 Years
80,Data Analyst,Data Analyst III,Bristol Myers Squibb,"['R', 'market research methodologies', 'data visualization tools']",Full time,"Hyderabad / Secunderabad, Telangana, India",5-7 Years
81,Data Analyst,IWMS Data Analyst,Deutsche Bank,"['CI-CD', 'Github', 'Bit Bucket', 'Gcp', 'Terraform']",Full time,"Pune, India",10-12 Years
82,Data Analyst,Business Data Analyst (Hyderabad),Uplers,"['Project management', 'Data Analysis', 'Statistics']",Full time,"Hyderabad / Secunderabad, Telangana, India",5-7 Years
83,Data Analyst,Data quality Analyst,Sprinklr,"['Salesforce', 'Data Analysis', 'Excel', 'Sql']",Full time,"Gurgaon / Gurugram, India",4-7 Years
84,Data Analyst,Senior/Lead Data Analyst,Sprinklr,"['Revenue Analytics', 'Marketing Analytics', 'media mix modeling']",Full time,"Bengaluru / Bangalore, India",4-7 Years
85,Data Analyst,Business Data Analyst (Noida),Uplers,"['Project management', 'Data Analysis', 'Statistics']",Full time,"Noida, India",5-7 Years
86,Data Analyst,Senior Data Analyst,Ubisoft,"['R', 'Tableau', 'Sql', 'Python']",Full time,"Pune, India",4-6 Years
87,Data Analyst,Data Analyst I,Bristol Myers Squibb,"['Emerging Technologies', 'decision science']",Full time,"Hyderabad / Secunderabad, Telangana, India",1-3 Years
88,Data Analyst,Business Data Analyst (Ghaziabad),Uplers,"['Project management', 'Data Analysis', 'Statistics']",Full time,"Ghaziabad, India",5-7 Years
89,Data Analyst,Senior Analyst - Data Migration,LANXESS,"['Procurement', 'Ms Office Powerpoint', 'BIG3 Data']",Full time,"Thane, India",3-5 Years
90,Data Analyst,DATA ANALYST,Coforge,"['Talend ETL', 'Data Modeling', 'Sql']",Full time,"Nagar, India",0-2 Years
91,Data Analyst,Consulting: SA&MA: AI & Data- Incident & Release Management Analyst (Senior Consultant),Deloitte,"['technical quality assurance protocols', 'Root Cause Analysis']",Full time,"Hyderabad / Secunderabad, Telangana, India",1-3 Years
92,Data Analyst,Data Analyst,PayU,"['statistical research', 'R', 'Quantitative Research']",Full time,"Bengaluru / Bangalore, India",3-5 Years
93,Data Analyst,Consultant Senior Data Analyst,Genpact,"['DataRobot', 'GenAI', 'R', 'Segmentation', 'Sql']",Full time,Noida,0-2 Years
94,Data Analyst,Carbon Markets Data Analyst,S&P Global,"['Data Analysis', 'Economics', 'mathematics']",Full time,"Gurgaon / Gurugram, India",0-2 Years
95,Data Analyst,Digital Trust DRSG-S&G-Data Privacy and Ethics Analyst,KPMG,"['Tools', 'quality & risk management initiatives']",Full time,Chennai,0-2 Years
96,Data Analyst,Senior Data Analyst (Asst. Manager)- Global Sourcing & Procurement,AXA,"['Sharepoint', 'Power Automation', 'Salesforce']",Full time,Gurgaon / Gurugram,5-7 Years
97,Data Analyst,Principal Consultant - Data Analyst,Genpact,"['clicktale', 'Sap Business Objects', 'Sql', 'Adobe Analytics']",Full time,Noida,0-2 Years
98,Data Analyst,Business Data Analyst (Mumbai),Uplers,[],Full time,"Mumbai, India",Fresher
99,Data Analyst,Consultant Data Analyst Python,Genpact,"['R', 'GenAI', 'Python', 'Sql', 'Excel', 'Vba', 'Spotfire']",Full time,Noida,0-2 Years
100,Data Analyst,Business Data Analyst (Chennai),Uplers,[],Full time,"Chennai, India",Fresher
101,Data Analyst,Digital Trust S&G-Data Privacy and Ethics Analyst,KPMG,[],Full time,"Gurugram, Gurgaon / Gurugram",Fresher
102,Data Analyst,Consulting: BO: Cloud Engineering: Senior Consultant: Data Analyst,Deloitte,"['Data analytical skills', 'Product Design', 'Logical Thinking']",Full time,"Delhi, India",5-7 Years
103,Data Analyst,Data Analyst I,ICE,"['Data Analysis', 'quality assurance', 'Sql', 'Ms Excel']",Full time,"Hyderabad / Secunderabad, Telangana, India",2-3 Years
104,Data Analyst,"Manager, Business Analyst - Data",Genpact,"['Data Analysis', 'Consumer Products', 'Negotiation Skills']",Full time,Bengaluru / Bangalore,0-2 Years
105,Data Analyst,Data Analyst I,ICE,"['Data Analysis', 'Ms Excel', 'quality assurance']",Full time,"Hyderabad / Secunderabad, Telangana, India",0-2 Years
106,Data Analyst,Data ware house analyst,PS Collaborations,"['Snow Flake', 'Teradata', 'SSIS', 'Sql', 'Power Bi']",Full time,"Hyderabad / Secunderabad, Telangana",10-11 Years
107,Data Analyst,Data Analyst,Infinix Immigration Service Private Limited,"['Data Entry', 'Design', 'Devlopment', 'Database Administrator']","International, Full time","Canada, Germany",2-4 Years
108,Data Analyst,Data Analyst Internship an Pune,Maxgen Technologies Private Limited,"['Internship', 'Live Projects', 'Academic Projects']",Full time,"Pune, Sangli",Fresher
109,Data Analyst,Senior Analyst - Data Science,Electrobrain Modern Technologies Private Limited,"['silicon', 'Consulting', 'Analytical', 'Process Documentation']",Full time,"Chennai, Delhi",2-7 Years
110,Data Analyst,Senior Analyst - Data Science,Electrobrain Modern Technologies Private Limited,"['silicon', 'Consulting', 'Analytical', 'Process Documentation']",Full time,"Chennai, Delhi",2-7 Years
111,Data Analyst,Data Analyst,Executive Softway Guild India Private Limited,"['Jira', 'Hubspot', 'MySQL', 'AWS', 'BI']","Contract Job, Part time",Remote,5-10 Years
112,Data Analyst,Data Analyst,Executive Softway Guild India Private Limited,"['Data Analyst', 'Data Mining', 'Sql', 'MY SQL']","Work From Home, Full time","Bengaluru / Bangalore, Hyderabad / Secunderabad, Telangana",5-15 Years
113,Data Analyst,Data Analyst,Venpa Staffing Services India Private Limited,"['RDBM', 'ORD', 'Etl', 'Informatica', 'Hive', 'Sql']",Full time,Chennai,4-12 Years
114,Data Analyst,data analyst,Infinix Immigration Service Private Limited,"['Data Analysis', 'Data Processing', 'Advanced Customer Insight']","International, Full time","Canada, Germany",1-3 Years
115,Data Analyst,Data Analyst,Infinix Immigration Service Private Limited,"['Data Entry', 'Design', 'Devlopment', 'Database Administrator']","International, Full time","Canada, Germany",2-4 Years
116,Data Architect,Senior Data Architect,Oracle,"['proposal reviews', 'rapid proof', 'Competitor Analysis']",Full time,"Bengaluru / Bangalore, India",10-15 Years
117,Data Architect,Data Science Architect,Apexon,"['AI-ML', 'Nlp', 'Ocr', 'Python']",Full time,"Bengaluru / Bangalore, Hyderabad / Secunderabad, Telangana",12-19 Years
118,Data Architect,Big Data Architect| Leading Manufacturing Giant| Mumbai/ Pune,Michael Page,"['cloud platforms', 'Big Data', 'Data Architecture']",Full time,"Mumbai, India",8-12 Years
119,Data Architect,Principal Data Architect,Oracle,"['proposal reviews', 'rapid proof', 'Competitor Analysis']",Full time,"Bengaluru / Bangalore, India",10-15 Years
120,Data Architect,"Data Architect, Analytics products, Route to Market",Hindustan Unilever,"['data retrieval', 'Cloud Spanner', 'data integration processes']",Full time,"Bengaluru / Bangalore, India",5-7 Years
121,Data Architect,Azure Data Architect,Tata Group,"['design techniques', 'DataOps', 'Synapse', 'Data Lakes']",Full time,"Bengaluru / Bangalore, India",0-2 Years
122,Data Architect,Senior Principal Consultant - Databricks Data Architect,Genpact,"['Databricks AI/ML', 'mlFlow', 'rbac', 'AWS sagemaker']",Full time,Bengaluru / Bangalore,0-2 Years
123,Data Architect,Full Time position with Data Architect in Hyderabad Location,Hucon Innovations Private Limited,"['Data Architect', 'AWS', 'Data Warehouse', 'Sql']",Full time,"Hyderabad / Secunderabad, Telangana",8-18 Years
124,Data Architect,Data Architect II,Chase Bank,"['Analytics', 'data lineage', 'data classification']",Full time,"Bengaluru / Bangalore, India",0-2 Years
125,Data Architect,Data Architect,Synechron Technologies Private Limited,"['Data Architect', 'Solution Architecture', 'Python']",Full time,"Delhi, Kolkata",10-13 Years
126,Data Architect,Data Architect,Tata Group,"['DataPrep', 'Python', 'Sql', 'Excel', 'Dataproc']",Full time,"Pune, India",0-2 Years
127,Data Architect,Data Architect,Synechron Technologies Private Limited,"['Data Architect', 'Solution Architecture', 'Python']",Full time,"Bengaluru / Bangalore, Pune",10-13 Years
128,Data Architect,Data Architect,TATA Technologies,"['analytical', 'numerical', 'Cloud based Data Analytics']",Full time,"Pune, India",0-2 Years
129,Data Architect,Data Architect,GSPANN Technologies,"['Data Architects', 'Data Architect', 'Data Architecture']",Full time,"Gurgaon / Gurugram, Hyderabad / Secunderabad, Telangana",8-18 Years
130,Data Architect,System Architect - Application & Data Architecture,Visa,"['data modeling tools', 'data security standards']",Full time,"Bengaluru / Bangalore, India",2-8 Years
131,Data Architect,"Senior Principal Consultant, Data Architect",Genpact,"['snowflake', 'data lineage', 'ETL workflows', 'Cloud']",Full time,Bengaluru / Bangalore,0-2 Years
132,Data Architect,"Architect, Data and Analytics Ecosystem",Stryker,"['Azure role base access controls', 'low-code/no-code solutions such PowerApps and Power Automate']",Full time,"Gurgaon / Gurugram, India",5-8 Years
133,Data Architect,Senior Principal Consultant - Databricks Data Architect,Genpact,"['Databricks AI/ML', 'mlFlow', 'rbac', 'AWS sagemaker']",Full time,Bengaluru / Bangalore,10-12 Years
134,Data Architect,GCP Data Architect,Tata Group,"['Google BigQuery', 'Gcp', 'AWS', 'Big Data', 'Cloud']",Full time,"Bengaluru / Bangalore, India",10-15 Years
135,Data Architect,"Data & Information Architect - PL-SQL, ETL , OAS or ODI , Data Modelling",Baker Hughes,"['PL- SQL', 'OAS', 'Etl', 'Oracle BI', 'Rally', 'Jira']",Full time,"Mumbai, India",5-7 Years
136,Data Architect,Data architect,Company name confidential,['Working experience in Data migration and conversions. Working Experience on SQL server and SQL server Scripts'],"Contract Job, Part time",Other India,7-10 Years
137,Data Architect,Azure Data Architect,Tata Group,"['Security', 'applicationsretirement', 'delivery of solutions']",Full time,"Ahmedabad, India",4-7 Years
138,Data Architect,Solutions Architect : Data & AI,Databricks,"['R', 'Analytics', 'data engineering', 'Java', 'Data Science']",Full time,"Mumbai, India",6-8 Years
139,Data Architect,Senior Principal Consultant - Databricks Platform + Data Architect,Genpact,"['Security', 'dbt', 'rbac', 'delta lake', 'oidc', 'data processing systems']",Full time,Jaipur,0-2 Years
140,Data Architect,Data Architect - Senior,NTT Data,"['Big Data Solutions', 'Enterprise Data Cloud']",Full time,"Bengaluru / Bangalore, India",4-10 Years
141,Data Architect,Principal Consultant - Data Architect,Oracle,"['Ai', 'snowflake', 'confluent', 'Big Data', 'Ml']",Full time,"Mumbai, India",5-10 Years
142,Data Architect,Data Cloud Senior Success Architect,Salesforce,"['Big Query', 'Tealium', 'Ai', 'Segment', 'Amperity']",Full time,"Mumbai, India",8-10 Years
143,Data Architect,Database Architect,Ezinformatics Solutions Private Limited,"['DB Architect', 'Architecture', 'Database Architect']",Full time,Kolkata,8-13 Years
144,Data Architect,Senior Data Architect | Pune,WovV Technologies (Division of Techno compass consulting Pvt Ltd),"['Ms Azure', 'Gcp', 'AWS', 'Data Warehouse']","Work From Home, Full time",Pune,5-8 Years
145,Data Architect,Data Cloud Senior Success Architect,Salesforce,"['Big Query', 'Tealium', 'Ai', 'Segment', 'Amperity']",Full time,"Gurgaon / Gurugram, India",8-10 Years
146,Data Architect,Data Architect,Concentrix,"['privacy regulations', 'CCPA', 'Hudi', 'designing & architecture']",Full time,"Bengaluru / Bangalore, India",7-15 Years
147,Data Architect,Associate Technical Architect - Data Engineering,dentsu,"['Data Unification Strategies', 'Data Workflow Platforms']",Full time,"Pune, India",5-7 Years
148,Data Architect,Azure Data Architect,Tata Group,"['data bricks', 'power apps', 'event hubs', 'sql dwh']",Full time,"Bengaluru / Bangalore, India",2-3 Years
149,Data Architect,Data Architect,Oracle,"['communication', 'data models', 'project management']",Full time,"Bengaluru / Bangalore, India",0-2 Years
150,Data Architect,Azure Data Architect,Tata Group,"['Data Lake-ADLS', 'Lake formation', 'Azure Synapse']",Full time,"Bengaluru / Bangalore, India",4-8 Years
151,Data Architect,Data Cloud Senior Success Architect,Salesforce,"['Big Query', 'Tealium', 'Ai', 'Segment', 'Amperity']",Full time,"Jaipur, India",8-10 Years
152,Data Architect,Delivery Solutions Architect - Data & AI,Databricks,"['Gcp', 'Scala', 'Databricks', 'Azure', 'Python']",Full time,"Mumbai, India",8-10 Years
153,Data Architect,Associate Director – Big Data Architect - Engineering,S&P Global,"['confluent', 'mllib', 'python', 'Machine Learning']",Full time,"Mumbai, India",10-12 Years
154,Data Architect,Data Architect,Deutsche Bank,"['Architecture', 'Safe', 'Document Store systems']",Full time,"Pune, India",0-2 Years
155,Data Architect,Technology Specialist (Solution / Data Architect),Deutsche Bank,"['Architecture', 'powerdesigner', 'Safe', 'conceptual']",Full time,"Pune, India",0-2 Years
156,Data Architect,Data Architect AWS(Presales ),Rackspace Technology,"['ADLS Gen2', 'Synapse', 'Purview', 'Fabric', 'Data lakehouse']",Full time,"Remote, India",10-20 Years
157,Data Architect,Delivery Solutions Architect - Data & AI,Databricks,"['Gcp', 'Scala', 'Databricks', 'Azure', 'Python']",Full time,"Delhi, India",8-10 Years
158,Data Architect,Technology Specialist- Solution / Data Architect,Deutsche Bank,"['Architecture', 'powerdesigner', 'Safe', 'Document Store systems']",Full time,"Pune, India",0-2 Years
159,Data Architect,Senior Data / Solution Architect,Deutsche Bank,"['Enterprise Data Modelling', 'Safe', 'Togaf', 'Data Architecture']",Full time,"Pune, India",0-2 Years
160,Data Architect,Senior Principal Consultant-Data Architect,Genpact,"['Stored Procedures', 'AWS', 'SQL Server', 'Dynamo Db']",Full time,"Gurugram, Gurgaon / Gurugram",0-2 Years
161,Data Architect,Data Science Architect- I,Bold,[],Full time,"Noida, India",Fresher
162,Data Architect,Principal Consultant -Data Modeler cum Architect for Cloud Data Engineering,Genpact,"['Architecture Design', 'data visualization tools']",Full time,"Hyderabad / Secunderabad, Telangana",0-2 Years
163,Data Architect,Enterprise Data Architect,CareerPaths,"['cd', 'dynamic data masking', 'Data Warehousing']",Full time,Bengaluru / Bangalore,14-18 Years
164,Data Architect,Data bricks Architect,Serendipity Corporate Services,"['pysark', 'databricks', 'Sql']",Full time,"Bengaluru / Bangalore, Chennai",7-15 Years
165,Data Architect,Pyspark Architect Cloudera data platform,CareerPaths,"['Data Analysis', 'Data Analysis', 'data quality analysis']",Full time,Bengaluru / Bangalore,12-17 Years
166,Data Architect,Solution Azure Data Architect,JS IT Tech Solutions,"['Azure Synapse Analytics', 'Data Flows', 'Azure Data Warehouse']",Full time,"Bengaluru / Bangalore, Hyderabad / Secunderabad, Telangana",10-15 Years
167,Data Architect,Data Architect - Healthcare domain,Rapid Talent Solutions,"['Snow Flake', 'Healthcare', 'Health Care Services']",Full time,Bengaluru / Bangalore,15-25 Years
168,Data Architect,"Data Architect,On-Premise,Cloud,Structure,Data Marts,DW,Data Factory,Pipeline,Lake,ODS,EDW,Process Improvement,Disaster Recovery Planning,BI , 8 - 15 years",Gem Software Solutions Limited,"['On-Premise', 'Structure', 'data marts', 'Pipeline']",Full time,"Chennai, Chidambaram",8-15 Years
169,Data Architect,Data Science - AI/ML with Big data Architect,Anlage Infotech India Private Limited,"['Ai', 'Ml']",Full time,Bengaluru / Bangalore,12-16 Years
170,Data Architect,GCP Data Architect,Aequor Information Technologies Priivate Limited,"['GCP Data Architect with Bigquery', 'Data Flow']",Full time,"Chennai, Kolkata",10-20 Years
171,Data Architect,Data Architect BSS,Tekskills India Private Limited,"['Bss', 'telecom', 'Solution Architect']",Full time,"Bengaluru / Bangalore, Hyderabad / Secunderabad, Telangana",15-25 Years
172,Data Architect,Architect for Data Center,Praxis Placement Consultancy,"['Autocad', 'Navisworks', '3D', 'Data Center']",Full time,Mumbai,5-8 Years
173,Data Architect,Data Architect,Streetmark Info Solutions Private Limited,"['LOGIC APPS', 'DATA BRICKS', 'Power Bi', 'Azure']",Full time,"Bengaluru / Bangalore, Hyderabad / Secunderabad, Telangana",12-22 Years
174,Data Architect,Senior Databricks Engineer / Databricks Technical Lead/ Data Architect,Tredence Analytics Solutions Private Limited,"['Azure Stack', 'Databricks', 'AWS', 'Etl', 'Data Warehouse']",Full time,"Bengaluru / Bangalore, Chennai",3-13 Years
175,Data Architect,Senior Principal Consultant - Data Architect,Genpact,"['Data Modernization', 'Programming and Scripting']",Full time,Pune,0-2 Years
176,Data Architect,Senior Principal Consultant- Product Lead/ Data Architect,Genpact,"['snowflake', 'Microstrategy', 'Databrick platform']",Full time,Bengaluru / Bangalore,0-2 Years
177,Data Architect,Data Reporting Architect -SAC,Veeva,"['SAP Analytics Cloud', 'Datasphere', 'Analysis for Office']",Full time,India,0-2 Years
178,Data Architect,Azure Data Architect,Kyndryl,"['AzureData Platform', 'DataOps', 'Azure ADF']",Full time,"Gurgaon / Gurugram, India",7-10 Years
179,Data Architect,Cloud Data Architect,Boston Consulting Group,"['snowflake', 'Spark / Databricks', 'Security Protocols']",Full time,India,10-12 Years
180,Data Architect,Data Architect |Consulting |AWS |Pyspark| Bengaluru/Mumbai,Michael Page,"['hudi', 'Dynamo', 'glue', 'iceberg', 'delta lake']",Full time,"Bengaluru / Bangalore, India",12-14 Years
181,Data Architect,Data Architect,Deutsche Bank,"['Filenet', 'security concepts', 'Oracle/MySQL']",Full time,"Pune, India",9-12 Years
182,Data Architect,Senior Solution Azure Data Architect,HR Addons,"['Azure Synapse Analytics', 'Data Flows', 'Azure Data Warehouse']",Full time,Bengaluru / Bangalore,10-15 Years
183,Data Architect,AWS Data Architect,Kyndryl,"['snowflake', 'Dms', 'LakeFormation', 'API GW']",Full time,"Bengaluru / Bangalore, India",7-10 Years
184,Data Architect,Data Architect (Data Architect II),Ecolab,"['semantic modeling', 'massively parallel processing database platforms']",Full time,"Bengaluru / Bangalore, India",4-13 Years
185,Data Architect,Azure Data Integration Architect,Renovision Automation Services Private Limited,"['Azure Data Architect', 'Architect', 'Architecture']",Full time,"Bengaluru / Bangalore, Pune",9-19 Years
186,Data Architect,Data Architect,Tata Group,"['Salesforce', 'snowflake', 'stakeholders', 'CRM']",Full time,"Hyderabad / Secunderabad, Telangana, India",5-12 Years
187,Data Architect,Snowflake Architect,Ltimindtree Limited,"['snowflake', 'Data Warehouse', 'Etl', 'Data Architect']",Full time,"Bengaluru / Bangalore, Pune",2-7 Years
188,Data Architect,Looking for Data Modelling with Sql Expertise,Anri FS Private Limited,"['Datamodeler', 'Data Modeling', 'Data Architect']",Full time,"Bengaluru / Bangalore, Gurgaon / Gurugram",4-9 Years
189,Data Architect,Neo4j Graph Database - Chennai,Maneva Consulting Private Limited,"['Graph solution', 'Design', 'Build design', 'Stake Holders Relationship']",Full time,Chennai,5-10 Years
190,Data Architect,Associate Architect - Test Associate Architect - (Data Science & AI),Icertis Solutions,"['Ai', 'technical expertise', 'Algorithms', 'Technical Documentation']",Full time,"Pune, India",9-11 Years
191,Data Architect,Solution Architect - Azure Data Analytics,Upfield,"['Delivery Excellence', 'Azure Data Analytics', 'Project Management']",Full time,"Bengaluru / Bangalore, India",5-7 Years
192,Data Architect,Data Architect,"Tata Technologies Limited, Pune","['Data Prep', 'Data Proc', 'Cloud based Data Analytics tools']",Full time,"Bengaluru / Bangalore, India",6-8 Years
193,Data Architect,Senior Data Architect,NetSuite,"['enterprise data architecture', 'pre-sales', 'Data lakes']",Full time,"Bengaluru / Bangalore, India",10-15 Years
194,Data Architect,AWS Data Architect,Tata Digital,[],Full time,"Delhi, India",Fresher
195,Data Architect,Principal Data Architect,NetSuite,"['enterprise data architecture', 'Aptitude', 'pre-sales']",Full time,India,10-15 Years
196,Data Architect,Collibra Data Governance Architect,Info Origin Inc.,"['data lineage', 'asset model', 'MDM', 'Collibra Ranger']",Full time,"Bengaluru / Bangalore, India",10-12 Years
197,Data Architect,Informatica Reference 360 Data Architect,Birlasoft,"['Financials', 'data lineage', 'data set', 'operations data management']",Full time,"Noida, India",10-12 Years
198,Data Architect,Sr. Data Architect (Snowflake),Samta.ai,"['snowflake', 'Pl-sql', 'Sql', 'Python', 'Etl Development']",Full time,"Noida, India",3-5 Years
199,Data Architect,Data Consulting Architect (High),NowWiN International,"['ML and Data Science', 'Data and Analytics', 'Azure or AWS']",Full time,"Bengaluru / Bangalore, India",5-15 Years
200,Data Architect,Data Architect,Infoplus Technologies UK Limited,"['digital transformation programs', 'Telecom design']",Full time,"Mumbai, India",6-12 Years
201,Data Architect,Associate Architect - Test Associate Architect - (Data Science & AI),Icertis Solutions,"['Ai', 'technical collaboration', 'Technical Skills']",Full time,"Pune, India",9-11 Years
202,Data Architect,Data Engineering Architect,A3 Hiring,"['Azure KeyVaults', 'Managed Identities', 'Service Principals']",Full time,"Pune, India",5-8 Years
203,Data Architect,Senior Data Architect,Celonis,"['Business Analysis', 'erp systems', 'Data Modeling']",Full time,"Bengaluru / Bangalore, India",3-5 Years
204,Data Architect,Big Data Architect (VP),i-Qode Digital Solutions Private Limited,"['data', 'glue', 'cloud', 'Scala', 'Spark', 'Kafka']",Full time,"Mumbai, India",15-17 Years
205,Data Architect,Architect of Data Solutions/Principal Engineer,"Softility, Inc.","['snowflake', 'BigQuery', 'Hadoop', 'Cassandra']",Full time,"Hyderabad / Secunderabad, Telangana, India",10-12 Years
206,Data Architect,Senior IT Architect - Data Architect,Medtronic Cardiac and Vascular,"['snowflake', 'Enterprise-class architecture', 'Enterprise-class data modeling']",Full time,"Hyderabad / Secunderabad, Telangana, India",2-8 Years
207,Data Architect,"Data Reporting Architect -SAC (Chennai, TN, IN)",Vestas,"['Analysis for Office', 'Datasphere', 'Stakeholder Management']",Full time,"Chennai, India",0-2 Years
208,Data Architect,Cloud Data Architect,Anixter,"['snowflake', 'power apps', 'Teradata', 'iot technologies']",Full time,"Bengaluru / Bangalore, India",7-10 Years
209,Data Architect,Cloud Data Architect,Aelux,"['iot technologies', 'continuous integrations systems']",Full time,"Bengaluru / Bangalore, India",7-10 Years
210,Data Architect,"Principal Solution Architect (Data Management, Data Integration)",Qliktech,"['iPaaS', 'BI Analytics', 'R', 'Talend ETL', 'Java']",Full time,"Bengaluru / Bangalore, India",10-12 Years
211,Data Architect,Data architect role,CodersBrain,"['Tinkerpop Gremlin', 'Hop', 'Cypher', 'ETLs', 'CI/CD']",Full time,"Bengaluru / Bangalore, India",10-15 Years
212,Data Architect,Application Data Architect,Centific,"['containerization', 'Data Mesh', 'Data Processing']",Full time,"Hyderabad / Secunderabad, Telangana, India",0-2 Years
213,Data Architect,Data Architect,Kiash Solutions LLP,"['MS Azure data services', 'Azure Architectural Skills']",Full time,"Chennai, India",5-10 Years
214,Data Architect,Data Science Solution Architect,Minfy,"['Airflow', 'AWS Sage maker', 'data engineering']",Full time,"Hyderabad / Secunderabad, Telangana, India",0-8 Years
215,Data Architect,Data Architect - Azure,KPMG India,"['Azure SQL Data Warehouse/DB', 'Azure Blob Storage']",Full time,"Mumbai, India",10-12 Years
216,Data Scientist,"Data Scientist , AI /Machine Learning Engineer",Uplers,"['Generative AI', 'Machine Learning', 'software design patterns']",Full time,"India, Mysore",0-5 Years
217,Data Scientist,Data Scientist,Elite,['Data Scientist'],Full time,Coimbatore,4-10 Years
218,Data Scientist,Data Scientist,Elite,['Data Scientist'],Full time,Coimbatore,2-7 Years
219,Data Scientist,Data Scientist,Company name confidential,"['Python', 'Ruby']","Work From Home, Full time",Bengaluru / Bangalore,0-5 Years
220,Data Scientist,Data Scientist,Company name confidential,"['Big Data', 'Machine Learning']","Work From Home, Full time","Bengaluru / Bangalore, Pune",1-5 Years
221,Data Scientist,"Data Scientist , AI /Machine Learning Engineer",Uplers,"['Generative AI', 'Machine Learning', 'software design patterns']",Full time,"Coimbatore, India",0-5 Years
222,Data Scientist,Senior Data Scientist,3Pillar Global,"['Pandas', 'Numpy']",Full time,"Indi, India",7-15 Years
223,Data Scientist,Data Scientist-Python developer,Mpowering HR Solutions,"['Data Preprocessing', 'AzureML', 'python package development']",Full time,"Bengaluru / Bangalore, Pune",3-8 Years
224,Data Scientist,Data Scientist,Serendipity Corporate Services,['Python'],Full time,Pune,2-4 Years
225,Data Scientist,Data Scientist 3,PayPal,"['R', 'Linux', 'SAS', 'Tableau', 'Marketo', 'Google Analytics']",Full time,India,9-11 Years
226,Data Scientist,"Data Scientist , AI /Machine Learning Engineer",Uplers,"['Generative AI', 'Machine Learning', 'software design patterns']",Full time,"Hospet, India",0-5 Years
227,Data Scientist,Data Scientist,Company name confidential,"['Machine Learning', 'Python']","Work From Home, Full time",Bengaluru / Bangalore,0-5 Years
228,Data Scientist,Data Scientist- IT,Elite,"['Statistical Modelling.', 'Data Scientist', 'Sql', 'Python']",Full time,Coimbatore,1-6 Years
229,Data Scientist,Data Scientist Job,Dmaic Academy And Consultancy,['Data Scientist'],Full time,"Hyderabad / Secunderabad, Telangana",5-7 Years
230,Data Scientist,Data Scientist 2,PayPal,"['a/b testing', 'causal inference', 'Regression and Forecasting']",Full time,India,3-5 Years
231,Data Scientist,Lead Data Scientist,Cognizant,[],Full time,"Chennai, India",Fresher
232,Data Scientist,Sr Data Scientist,servicenow,"['random forests', 'Bayesian Methods', 'Business']",Full time,"Hyderabad / Secunderabad, Telangana, India",2-3 Years
233,Data Scientist,"Data Scientist , AI /Machine Learning Engineer",Uplers,"['Generative AI', 'Machine Learning', 'software design patterns']",Full time,"Raichur, India",0-5 Years
234,Data Scientist,"Data Scientist , AI /Machine Learning Engineer",Uplers,"['Generative AI', 'Machine Learning', 'software design patterns']",Full time,India,5-9 Years
235,Data Scientist,Data Scientist Intern,Snowflake,"['Optimization', 'Python', 'Sql', 'Natural Language Processing']",Full time,"Pune, India",0-2 Years
236,Data Scientist,Data Scientist 1,PayPal,"['A/B Test', 'Scikit-Learn', 'Machine Learning', 'Hadoop']",Full time,India,2-4 Years
237,Data Scientist,Data Scientist Engineer,Mphasis,"['LSTM', 'RNNs', 'No-SQL', 'Dataiku', 'BERT', 'Text Analytics']",Full time,"Bengaluru / Bangalore, India",4-10 Years
238,Data Scientist,Data Scientist,Informatica,"['Power Bi', 'Dax', 'Python', 'Sql']",Full time,"Bengaluru / Bangalore, India",3-5 Years
239,Data Scientist,Data Scientist 2,PayPal,"['Model lifecycle management', 'R', 'Probability techniques']",Full time,India,1-3 Years
240,Data Scientist,Data Scientist,Amazon Music,"['Optimization', 'r', 'Data Analysis', 'Statistical Modeling']",Full time,India,3-5 Years
241,Data Scientist,"Data Scientist , AI /Machine Learning Engineer",Uplers,"['Generative AI', 'Machine Learning', 'software design patterns']",Full time,"Nilanga, India",0-5 Years
242,Data Scientist,"Data Scientist , AI /Machine Learning Engineer",Uplers,"['Generative AI', 'Machine Learning', 'software design patterns']",Full time,"Madurai, India",0-5 Years
243,Data Scientist,"Data Scientist , AI /Machine Learning Engineer",Uplers,"['Generative AI', 'Machine Learning', 'software design patterns']",Full time,"Ooty, India",0-5 Years
244,Data Scientist,Data Scientist 3,Oracle,"['Nlp', 'Machine Learning', 'data engineering']",Full time,"Bengaluru / Bangalore, India",0-2 Years
245,Data Scientist,Lead- Data scientist,Company name confidential,"['Data learning', 'Data Scientist']","Jobs for Women, Full time",Ahmedabad,4-7 Years
246,Data Scientist,Senior Data Scientist,Uplers,"['R Python', 'Data Visualisation', 'Data Science']",Full time,"Hyderabad / Secunderabad, Telangana, India",3-6 Years
247,Data Scientist,DATA SCIENCE INTERNSHIP IN PUNE,Maxgen Technologies Private Limited,"['Internship', 'Live Projects', 'Academic Projects']",Full time,"Pune, Sangli",Fresher
248,Data Scientist,Sr. Data Scientist,Visa,"['R', 'Hive', 'Tableau', 'Sql', 'Python']",Full time,"Bengaluru / Bangalore, India",2-4 Years
249,Data Scientist,Data Scientist || NLP || 6-10 Years || Pune,Michael Page,"['token-based authentication', 'single-sign -on']",Full time,"Pune, India",6-8 Years
250,Data Scientist,data scientist,Infinix Immigration Service Private Limited,"['Database Administrator', 'Data Analysis', 'Database']","International, Full time","Germany, Hong Kong",1-3 Years
251,Data Scientist,DATA SCIENCE INTERNSHIP AT AHMEDABAD,Maxgen Technologies Private Limited,"['Internship', 'Live Projects', 'Academic Projects']",Full time,"Ahmedabad, Anand",Fresher
252,Data Scientist,Lead- Data scientist,Company name confidential,"['Data learning', 'Data Scientist']","Jobs for Women, Full time",Ahmedabad,4-7 Years
253,Data Scientist,Data Scientist,Ericsson,"['Prediction Models', 'Llm', 'Gen AI', 'Pyspark']",Full time,"Noida, India",5-10 Years
254,Data Scientist,DATA SCIENCE INTERNSHIP AT PUNE,Maxgen Technologies Private Limited,"['Internship', 'Live Projects', 'Academic Projects']",Full time,"Pune, Jalgaon",Fresher
255,Data Scientist,Data Scientist,Ericsson,"['statistical learning', 'Real time data ingestion']",Full time,"Noida, India",5-15 Years
256,Data Scientist,Data Scientist - credit card,Visa,"['Transformation', 'scalable solutions', 'Go', 'Ingestion']",Full time,"Bengaluru / Bangalore, India",5-7 Years
257,Data Scientist,Data Scientist Engineer,FIS,"['API Integrations', 'PowerBI Reports', 'Azure SQL MI']",Full time,"Pune, India",5-12 Years
258,Data Scientist,Senior Data Scientist,Uplers,"['R Python', 'Data Visualisation', 'Data Science']",Full time,"Hyderabad / Secunderabad, Telangana, India",3-6 Years
259,Data Scientist,Sr Data Scientist,Uplers,"['R Python', 'Data Visualisation', 'Data Science']",Full time,"Hyderabad / Secunderabad, Telangana, India",3-6 Years
260,Data Scientist,DATA SCIENCE INTERNSHIP IN PUNE,Maxgen Technologies Private Limited,"['Internship', 'Live Projects', 'Academic Projects']",Full time,Nanded,Fresher
261,Data Scientist,Sr Data Scientist,Amazon Music,"['Ai', 'Large Foundational Models', 'Unsupervised']",Full time,India,6-8 Years
262,Data Scientist,Data Specialist Insights,A.P. Moller - Maersk,"['process mining', 'Data Specialist', 'Ai', 'Azure Analysis Services']",Full time,"Pune, India",7-9 Years
263,Data Scientist,Lead Data Scientist,Lowe's India,"['Airflow', 'Trino', 'Java', 'Rust', 'Hadoop', 'Scala']",Full time,"Bengaluru / Bangalore, India",2-6 Years
264,Data Scientist,Senior ML Ops Engineer,Aptiv,"['Airflow', 'versioning', 'Architect', 'scikit-learn']",Full time,"Bengaluru / Bangalore, India",5-15 Years
265,Data Scientist,Senior ML Ops Engineer,Aptiv,"['Airflow', 'versioning', 'Architect', 'scikit-learn']",Full time,"Bengaluru / Bangalore, India",7-12 Years
266,Data Scientist,DG-Manager-Data Scientist,Genpact,"['R', 'Sql', 'Power Bi', 'Plsql', 'Python', 'Tableau']",Full time,"Hyderabad / Secunderabad, Telangana",0-2 Years
267,Data Scientist,Lead Data Scientist,Freshworks,"['Machine Learning', 'Python', 'Big Data', 'Data Structures']",Full time,"Bengaluru / Bangalore, India",0-2 Years
268,Data Scientist,Data Specialist Insights,A.P. Moller - Maersk,"['Data Specialist', 'Azure Analysis Services', 'Ai']",Full time,"Pune, India",7-9 Years
269,Data Scientist,ML Ops Engineer,Aptiv,"['Airflow', 'versioning', 'Architect', 'scikit-learn']",Full time,"Bengaluru / Bangalore, India",5-8 Years
270,Data Scientist,Senior Data Scientist,Barclays,"['R', 'matrix leadership', 'financial analysis', 'Management Accounting']",Full time,Delhi,0-2 Years
271,Data Scientist,Senior Data Scientist,2COMS Consulting Private Limited,['Senior Data Scientist'],Full time,Bengaluru / Bangalore,6-8 Years
272,Data Scientist,Data Scientist,LTIMindtree Limited,"['AL/ML .Python', 'Vertex AI', 'Data Scientist', 'BigQuery']",Full time,"Bengaluru / Bangalore, Hyderabad / Secunderabad, Telangana",6-8 Years
273,Data Scientist,"Data Scientist, Grade II",Oceaneering,"['Large Scale Data Mining', 'Statistics', 'Mathematics']",Full time,"Pune, India",1-3 Years
274,Data Scientist,"Senior Vice President, Data Scientist",Bank of New York,"['Risk Analytics', 'Fx', 'Pricing', 'Fixed Income']",Full time,"Pune, India",16-18 Years
275,Data Scientist,MLOps Senior Data Scientist,GE Digital,"['Storytelling', 'realtime analytics development']",Full time,"Bengaluru / Bangalore, India",4-6 Years
276,Data Scientist,STAGIAIRE PERFECTIONNEMENT (PROFIL INFORMATIQUE) BAC+5,BNP Paribas,"['MOA', 'Informatique', 'MIAG', 'Statistique', 'Data Scientist']",Full time,"Tuni, India",0-2 Years
277,Data Scientist,"Vice President, Data Scientist II",Bank of New York,"['Risk Analytics', 'Fx', 'Pricing', 'Fixed Income']",Full time,"Pune, India",9-11 Years
278,Data Scientist,Sr. Data Scientist,Visa,"['R', 'Hive', 'Tableau', 'Sql', 'Python']",Full time,"Bengaluru / Bangalore, India",5-8 Years
279,Data Scientist,Data Scientist II,DP World,"['LLMs', 'scikitlearn', 'Inventory management & forecasting']",Full time,"Bengaluru / Bangalore, India",5-10 Years
280,Data Scientist,DG- Assistant Manager-Data Scientist,Genpact,"['R', 'Sql', 'Power Bi', 'Plsql', 'Python', 'Tableau']",Full time,Bengaluru / Bangalore,0-2 Years
281,Data Scientist,Data Scientist I,DP World,"['scikitlearn', 'Statistical Techniques', 'Machine Learning']",Full time,"Bengaluru / Bangalore, India",3-6 Years
282,Data Scientist,"Data Scientist II, Forecasting, Selling Partner Services",Amazon Music,"['Statistical', 'r', 'theoretical models', 'Data Analysis']",Full time,India,2-3 Years
283,Data Scientist,Senior Data Scientist - Marketplace (India),Gojek,"['Statistics', 'CI/CD', 'dbt', 'Visualization', 'Python']",Full time,"Bengaluru / Bangalore, India",5-7 Years
284,Data Scientist,"Data Scientist II, Forecasting, Selling Partner Services",Amazon Music,"['Statistical', 'r', 'theoretical models', 'Data Analysis']",Full time,India,2-3 Years
285,Data Scientist,Staff Data Scientist (Human Resources Data),servicenow,"['snowflake', 'random forests', 'Procedures', 'Bayesian Methods']",Full time,"Hyderabad / Secunderabad, Telangana, India",3-6 Years
286,Data Scientist,Lead Data Scientist,Freshworks,"['Machine Learning', 'Python', 'Big Data', 'Data Structures']",Full time,"Bengaluru / Bangalore, India",0-2 Years
287,Data Scientist,Senior Data Scientist - Marketplace,Gojek,"['Statistics', 'Ml', 'Data Science', 'Machine Learning']",Full time,"Bengaluru / Bangalore, India",5-7 Years
288,Data Scientist,Data Scientist - GPT/LLM Product Development,LTIMindtree Limited,"['Llm', 'Product Development', 'GPT']",Full time,"Bengaluru / Bangalore, Kolkata",5-12 Years
289,Data Scientist,Data Scientist,D Square Consulting Services Private Limited,"['Ai', 'Python', 'Sql', 'Ml', 'Data Science']","International, Full time",Other International,5-10 Years
290,Data Scientist,Staff Engineer Data Scientist REF17551N All Client Loc (Job Code : J47476),Sampoorna Consultants Private Limited,"['Python/ Spark/ R Data Science Stack', 'Data Science']",Full time,"Chennai, Gurgaon / Gurugram",5-8 Years
291,Data Scientist,Urgent opening for Data Scientist Lead,Serendipity Corporate Services,"['Machine Learning', 'Python', 'Azure']",Full time,Ahmedabad,8-18 Years
292,Data Scientist,MLOps Engineer,Aptiv,"['Airflow', 'versioning', 'Architect', 'scikit-learn']",Full time,"Bengaluru / Bangalore, India",5-12 Years
293,Data Scientist,Principal Engineer Data Scientist REF13884G All Client Loc (Job Code : J47475),Sampoorna Consultants Private Limited,['Manufacturing and Automation - General Experience'],Full time,"Bengaluru / Bangalore, Chennai",13-15 Years
294,Data Scientist,AGM - Corporate Audit Services,L&T Geostructure,"['Data Analysis', 'Interpretation', 'data models']",Full time,Mumbai,11-14 Years
295,Data Scientist,AI Data Scientist,Resources Valley,"['Machine Learning', 'Pytorch', 'Python', 'R Programming']",Full time,Jaipur,2-7 Years
296,Data Scientist,Data Scientist,Skywalk Visa Immigration Services LLP,['Data Scientist'],"International, Full time","New Zealand, Singapore",2-7 Years
297,Data Scientist,Data Scientist,Revolancer Limited,"['HTML', 'Javascript', 'CSS']","Work From Home, Full time",Remote,0-5 Years
298,Data Scientist,Data Scientist - GPT/LLM Product Development,LTIMindtree Limited,"['Llm', 'Product Development', 'GPT']",Full time,"Mumbai, Pune",5-12 Years
299,Data Scientist,Principal Engineer Data Scientist REF17551N All Client Loc (Job Code : J47477),Sampoorna Consultants Private Limited,['Manufacturing and Automation - General Experience'],Full time,"Bengaluru / Bangalore, Hyderabad / Secunderabad, Telangana",13-15 Years
300,Data Scientist,Data Scientist - GPT/LLM Product Development,LTIMindtree Limited,"['Llm', 'Product Development', 'GPT']",Full time,"Chennai, Hyderabad / Secunderabad, Telangana",5-12 Years
301,Data Scientist,Data Scientist Object detection,Venpa Staffing Services India Private Limited,"['object detection', 'Image Processing']",Full time,Bengaluru / Bangalore,5-9 Years
302,Data Scientist,Principal Engineer Data Scientist REF17551N All Client Loc (Job Code : J47477),Sampoorna Consultants Private Limited,['Manufacturing and Automation - General Experience'],Full time,"Hyderabad / Secunderabad, Telangana, Mumbai, Mumbai City, Navi Mumbai, Thane",13-15 Years
303,Data Scientist,DATA SCIENCE INTERNSHIP AT PUNE,Maxgen Technologies Private Limited,"['Internship', 'Live Projects', 'Academic Projects']",Full time,"Pune, Satara",Fresher
304,Data Scientist,Data Scientist,Quess IT Staffing (Formerly known as Magna Infotech),"['DuckDB', 'Matrix Algebra', 'Statistics', 'Pytorch']",Full time,Pune,4-7 Years
305,Data Scientist,DATA SCIENCE INTERNSHIP IN AHMEDABAD,Maxgen Technologies Private Limited,"['Internship', 'Live Projects', 'Academic Projects']",Full time,"Ahmedabad, Rajkot",Fresher
306,Data Scientist,DATA SCIENCE INTERNSHIP IN PUNE,Maxgen Technologies Private Limited,"['Internship', 'Live Projects', 'Academic Projects']",Full time,"Pune, Aurangabad",Fresher
307,Data Scientist,Data Scientist,Ezinformatics Solutions Private Limited,"['R', 'Regression', 'Modeling', 'Machine Learning']",Full time,Mumbai,4-7 Years
308,Data Scientist,Data Scientist,Learning Candid India Private Limited,"['Machine Learning', 'Artificial Intelligence', 'Deep Learning']",Full time,"Bengaluru / Bangalore, Hyderabad / Secunderabad, Telangana",6-10 Years
309,Data Scientist,DATA SCIENCE INTERNSHIP AN AHMEDABAD,Maxgen Technologies Private Limited,"['Internship', 'Live Projects', 'Academic Projects']",Full time,"Ahmedabad, Rajkot",Fresher
310,Data Scientist,Staff Engineer Data Scientist REF17551N All Client Loc (Job Code : J47476),Sampoorna Consultants Private Limited,"['Python/ Spark/ R Data Science Stack', 'Data Science']",Full time,"Gurgaon / Gurugram, Hyderabad / Secunderabad, Telangana",4-9 Years
311,Data Scientist,DATA SCIENCE INTERNSHIP IN AHMEDABAD,Maxgen Technologies Private Limited,"['Internship', 'Live Projects', 'Academic Projects']",Full time,"Ahmedabad, Rajkot",Fresher
312,Data Scientist,DATA SCIENCE INTERNSHIP AT PUNE,Maxgen Technologies Private Limited,"['Internship', 'Live Projects', 'Academic Projects']",Full time,"Pune, Aurangabad",Fresher
313,Data Scientist,Business Analyst,Elliotts Immigrations Services LLP,"['Business Analyst', 'Data Analyst', 'Reporting Analyst']","International, Full time","Germany, Sweden",1-6 Years
314,Data Scientist,DATA SCIENEC INTERNSHIP IN PUNE,Maxgen Technologies Private Limited,"['Internship', 'Live Projects', 'B - Tech', 'Bca', 'Academic Projects']",Full time,"Pune, Kolhapur",Fresher
315,Data Scientist,Data Scientist Required in Abroad,Donivia Overseas Private Limited,"['Data Science', 'Machine Learning', 'Artificial Intelligence']",Full time,"Bengaluru / Bangalore, Hyderabad / Secunderabad, Telangana",2-12 Years
316,Machine Learning Engineer,Machine Learning Ops Engineer,LTIMindtree Limited,"['Machine Learning Ops', 'Machine Learning']",Full time,"Bengaluru / Bangalore, Chennai",5-9 Years
317,Machine Learning Engineer,Machine Learning Engineer Required in Abroad,Donivia Overseas Private Limited,"['machine learning engineer', 'Machine Learning']",Full time,"Bengaluru / Bangalore, Hyderabad / Secunderabad, Telangana",2-12 Years
318,Machine Learning Engineer,Senior ML Engineer,Uplers,"['ChatGPT', 'llm prompt engineering', 'snowflake']",Full time,"Mumbai, India",4-6 Years
319,Machine Learning Engineer,Senior ML Engineer,Uplers,"['ChatGPT', 'llm prompt engineering', 'snowflake']",Full time,"Ghaziabad, India",4-6 Years
320,Machine Learning Engineer,"Data Scientist , AI /Machine Learning Engineer",Uplers,"['Generative AI', 'Machine Learning', 'software design patterns']",Full time,India,5-9 Years
321,Machine Learning Engineer,"Data Scientist , AI /Machine Learning Engineer",Uplers,"['Generative AI', 'Machine Learning', 'software design patterns']",Full time,"Nilanga, India",0-5 Years
322,Machine Learning Engineer,Senior Machine Learning Engineer,Porter,"['Statistics', 'snowflake', 'Statistical Modeling']",Full time,"Bengaluru / Bangalore, India",4-7 Years
323,Machine Learning Engineer,Machine Learning Engineer,Company name confidential,"['Machine Learning', 'Python']","Work From Home, Full time",Bengaluru / Bangalore,0-4 Years
324,Machine Learning Engineer,"Data Scientist , AI /Machine Learning Engineer",Uplers,"['Generative AI', 'Machine Learning', 'software design patterns']",Full time,"Hospet, India",0-5 Years
325,Machine Learning Engineer,Senior ML Engineer,Uplers,"['ChatGPT', 'llm prompt engineering', 'snowflake']",Full time,"Bengaluru / Bangalore, India",4-6 Years
326,Machine Learning Engineer,Machine Learning Engineer Required in Abroad,Donivia Overseas Private Limited,"['machine learning engineer', 'Machine Learning']",Full time,"Bengaluru / Bangalore, Hyderabad / Secunderabad, Telangana",2-12 Years
327,Machine Learning Engineer,Senior ML Engineer,Uplers,"['ChatGPT', 'llm prompt engineering', 'snowflake']",Full time,"Kolkata, India",4-6 Years
328,Machine Learning Engineer,"Data Scientist , AI /Machine Learning Engineer",Uplers,"['Generative AI', 'Machine Learning', 'software design patterns']",Full time,"Madurai, India",0-5 Years
329,Machine Learning Engineer,"Data Scientist , AI /Machine Learning Engineer",Uplers,"['Generative AI', 'Machine Learning', 'software design patterns']",Full time,"Coimbatore, India",0-5 Years
330,Machine Learning Engineer,"Data Scientist , AI /Machine Learning Engineer",Uplers,"['Generative AI', 'Machine Learning', 'software design patterns']",Full time,"India, Mysore",0-5 Years
331,Machine Learning Engineer,"Data Scientist , AI /Machine Learning Engineer",Uplers,"['Generative AI', 'Machine Learning', 'software design patterns']",Full time,"Ooty, India",0-5 Years
332,Machine Learning Engineer,"Data Scientist , AI /Machine Learning Engineer",Uplers,"['Generative AI', 'Machine Learning', 'software design patterns']",Full time,"Raichur, India",0-5 Years
333,Machine Learning Engineer,Staff Machine Learning Engineer,ShareChat,"['data preprocessing', 'Visualization', 'analyzing funnels']",Full time,"Bengaluru / Bangalore, India",0-2 Years
334,Machine Learning Engineer,Machine Learning Engineer 2,Twillio,"['Flink', 'Python', 'Java', 'Deep Learning', 'Dynamodb']",Full time,"Bengaluru / Bangalore, India",2-4 Years
335,Machine Learning Engineer,AI and Machine Learning Engineer,Hewlett Packard Enterprise,"['Machine Learning', 'Artificial Intelligence', 'Python']",Full time,"Bengaluru / Bangalore, India",0-3 Years
336,Machine Learning Engineer,Machine Learning Engineer (L3),Twillio,"['Python', 'Keras', 'Pytorch', 'Dynamodb', 'Tensorflow']",Full time,"Bengaluru / Bangalore, India",5-7 Years
337,Machine Learning Engineer,ML Engineer (WFH),Uplers,"['ChatGPT', 'llm prompt engineering', 'snowflake']",Full time,"Ghaziabad, India",6-8 Years
338,Machine Learning Engineer,ML Engineer,Uplers,"['ChatGPT', 'llm prompt engineering', 'snowflake']",Full time,"Chennai, India",6-8 Years
339,Machine Learning Engineer,Machine Learning ops Engineer,Concentrix,"['scikit-learn', 'ml ops', 'Azure', 'Kubernetes']",Full time,"Bengaluru / Bangalore, India",5-7 Years
340,Machine Learning Engineer,Python Developer,HCL Technologies Limited,"['Python', 'Microservices', 'Kubernetes', 'Machine Learning']",Full time,Bengaluru / Bangalore,3-10 Years
341,Machine Learning Engineer,ML Engineer,Uplers,"['ChatGPT', 'llm prompt engineering', 'snowflake']",Full time,"Kolkata, India",6-8 Years
342,Machine Learning Engineer,ML Developer- WFH,Uplers,"['ChatGPT', 'llm prompt engineering', 'snowflake']",Full time,"Ahmedabad, India",4-6 Years
343,Machine Learning Engineer,ML Developer- WFH,Uplers,"['ChatGPT', 'llm prompt engineering', 'snowflake']",Full time,"Hyderabad / Secunderabad, Telangana, India",4-6 Years
344,Machine Learning Engineer,Sr. ML Engineer (WFH),Uplers,"['ChatGPT', 'llm prompt engineering', 'snowflake']",Full time,"Noida, India",4-6 Years
345,Machine Learning Engineer,ML Engineer- WFH,Uplers,"['ChatGPT', 'llm prompt engineering', 'snowflake']",Full time,"Pune, India",4-6 Years
346,Machine Learning Engineer,ML Developer- WFH,Uplers,"['ChatGPT', 'llm prompt engineering', 'snowflake']",Full time,"Ahmedabad, India",4-6 Years
347,Machine Learning Engineer,ML Engineer (WFH),Uplers,"['ChatGPT', 'llm prompt engineering', 'snowflake']",Full time,"Ghaziabad, India",6-8 Years
348,Machine Learning Engineer,ML Engineer,Uplers,"['ChatGPT', 'llm prompt engineering', 'snowflake']",Full time,"Kolkata, India",6-8 Years
349,Machine Learning Engineer,ML Engineer,Uplers,"['ChatGPT', 'llm prompt engineering', 'snowflake']",Full time,"Chennai, India",6-8 Years
350,Machine Learning Engineer,Machine Learning Engineer- WFH,Uplers,"['Large Language Model (LLM)', 'Machine Learning']",Full time,"Pune, India",7-9 Years
351,Machine Learning Engineer,ML Developer- WFH,Uplers,"['ChatGPT', 'llm prompt engineering', 'snowflake']",Full time,"Hyderabad / Secunderabad, Telangana, India",4-6 Years
352,Machine Learning Engineer,Machine Learning Engineer,A.P. Moller - Maersk,"['simulated annealing', 'scikit-learn', 'Genetic']",Full time,"Bengaluru / Bangalore, India",2-4 Years
353,Machine Learning Engineer,Sr. ML Engineer (WFH),Uplers,"['ChatGPT', 'llm prompt engineering', 'snowflake']",Full time,"Bengaluru / Bangalore, India",4-6 Years
354,Machine Learning Engineer,Machine Learning Engineer II,Uplers,"['ChatGPT', 'llm prompt engineering', 'snowflake']",Full time,"Pune, India",4-6 Years
355,Machine Learning Engineer,Machine Learning Engineer,Uplers,"['R Python', 'Problem Solving Attitude', 'Machine Learning']",Full time,"Hyderabad / Secunderabad, Telangana, India",3-5 Years
356,Machine Learning Engineer,Software Configuration Engineer -Gen AI,Aptiv,"['R', 'OODMS', 'React', 'Pytorch', 'MLops', 'Python']",Full time,"Bengaluru / Bangalore, India",10-12 Years
357,Machine Learning Engineer,Machine Learning ops Engineer,Concentrix,"['scikit-learn', 'ml ops', 'Azure', 'Kubernetes']",Full time,"Bengaluru / Bangalore, India",5-7 Years
358,Machine Learning Engineer,Performance Solutions Engineer (Machine Learning),PubMatic,"['Statistical Techniques', 'ADTECH', 'Interpersonal']",Full time,"Pune, India",0-2 Years
359,Machine Learning Engineer,Machine Learning Engineer,Uplers,"['Large Language Model (LLM)', 'Machine Learning']",Full time,"Pune, India",7-9 Years
360,Machine Learning Engineer,Senior Engineering Manager - Machine Learning,Freshworks,"['ASR', 'Cv', 'Deep Learning', 'Distributed Systems']",Full time,"Bengaluru / Bangalore, India",0-2 Years
361,Machine Learning Engineer,Sr. Cloud Developer,Hewlett Packard Enterprise,"['Scala', 'Pytorch', 'Tensorflow', 'Python', 'Kubernetes']",Full time,"Hyderabad / Secunderabad, Telangana, India",7-9 Years
362,Machine Learning Engineer,Cloud Developer,Hewlett Packard Enterprise,"['Scala', 'Pytorch', 'Tensorflow', 'Python', 'Kubernetes']",Full time,"Hyderabad / Secunderabad, Telangana, India",5-7 Years
363,Machine Learning Engineer,Sr. Machine Learning Engineer (WFH),Uplers,"['ChatGPT', 'llm prompt engineering', 'snowflake']",Full time,"Pune, India",6-8 Years
364,Machine Learning Engineer,Lead Machine Learning Engineer,Epsilon India,"['Serverless Frameworks', 'Data Catalog', 'Agile/Scrum']",Full time,"Bengaluru / Bangalore, India",10-12 Years
365,Machine Learning Engineer,Machine Learning Quality Engineer,servicenow,"['Source Control', 'profilers', 'system administration/Unix tools']",Full time,"Hyderabad / Secunderabad, Telangana, India",2-4 Years
366,Machine Learning Engineer,Machine Learning Engineer (WFH),Uplers,"['ChatGPT', 'llm prompt engineering', 'snowflake']",Full time,"Chennai, India",6-8 Years
367,Machine Learning Engineer,ETL Developer,HighPoints Technologies India Private Limited,['ETL Developer'],Full time,"Gurgaon / Gurugram, Chandigarh",3-6 Years
368,Machine Learning Engineer,Engineer,Qualcomm,"['Playwright', 'Software testing methodologies']",Full time,"Hyderabad / Secunderabad, Telangana, India",1-4 Years
369,Machine Learning Engineer,Staff SW Engineer - Machine Learning Accelerator,Qualcomm,"['Memory', 'Design Patterns Principles', 'Source Code']",Full time,"Bengaluru / Bangalore, India",0-4 Years
370,Machine Learning Engineer,Machine Learning - Staff Engineer,Qualcomm,"['i2', 'CCIX', 'Rtos', 'Machine Learning', 'Perforce']",Full time,"Bengaluru / Bangalore, India",5-8 Years
371,Machine Learning Engineer,Sr. Machine Learning Engineer (WFH),Uplers,"['ChatGPT', 'llm prompt engineering', 'snowflake']",Full time,"Noida, India",6-8 Years
372,Machine Learning Engineer,Machine Learning Engineer- WFH,Uplers,"['ChatGPT', 'llm prompt engineering', 'snowflake']",Full time,"Hyderabad / Secunderabad, Telangana, India",4-6 Years
373,Machine Learning Engineer,ML Engineer- WFH,Uplers,"['ChatGPT', 'llm prompt engineering', 'snowflake']",Full time,"Noida, India",4-6 Years
374,Machine Learning Engineer,"Engineer, Senior",Qualcomm,"['Tableu', 'Onnx', 'Tensorflow', 'Machine Learning']",Full time,"Hyderabad / Secunderabad, Telangana, India",1-6 Years
375,Machine Learning Engineer,Machine Learning Operation Engineer,Future A4,"['Machine Learning', 'Data Science', 'python']",Full time,Bengaluru / Bangalore,3-8 Years
376,Machine Learning Engineer,Staff SW Engineer - Machine Learning Accelerator,Qualcomm,"['Memory', 'Design Patterns Principles', 'Source Code']",Full time,"Bengaluru / Bangalore, India",0-4 Years
377,Machine Learning Engineer,Machine Learning Engineer- WFH,Uplers,"['ChatGPT', 'llm prompt engineering', 'snowflake']",Full time,"Noida, India",4-6 Years
378,Machine Learning Engineer,Machine Learning Engineer (WFH),Uplers,"['ChatGPT', 'llm prompt engineering', 'snowflake']",Full time,"Bengaluru / Bangalore, India",6-8 Years
379,Machine Learning Engineer,Machine Learning Engineer- WFH,Uplers,"['ChatGPT', 'llm prompt engineering', 'snowflake']",Full time,"Hyderabad / Secunderabad, Telangana, India",4-6 Years
380,Machine Learning Engineer,Machine Learning Engineer II,Uplers,"['ChatGPT', 'llm prompt engineering', 'snowflake']",Full time,"Noida, India",0-4 Years
381,Machine Learning Engineer,"Engineer, Staff",Qualcomm,"['Quantization', 'ONNX', 'System Design Fundamentals']",Full time,"Hyderabad / Secunderabad, Telangana, India",2-14 Years
382,Machine Learning Engineer,Engineer,Qualcomm,"['Playwright', 'Software testing methodologies']",Full time,"Hyderabad / Secunderabad, Telangana, India",1-4 Years
383,Machine Learning Engineer,Manager Machine Learning Engineer,servicenow,"['Ai', 'code tuning', 'Profiling', 'Ml', 'Unit Testing']",Full time,"Hyderabad / Secunderabad, Telangana, India",1-8 Years
384,Machine Learning Engineer,Machine Learning Engineer,servicenow,"['code tuning', 'Profiling', 'Java', 'Unit Testing']",Full time,India,2-4 Years
385,Machine Learning Engineer,Machine Learning Quality Engineer,servicenow,"['Source Control', 'profilers', 'system administration/Unix tools']",Full time,"Hyderabad / Secunderabad, Telangana, India",2-4 Years
386,Machine Learning Engineer,Machine Learning Engineer- WFH,Uplers,"['ChatGPT', 'llm prompt engineering', 'snowflake']",Full time,"Noida, India",4-6 Years
387,Machine Learning Engineer,ML Engineer- WFH,Uplers,"['ChatGPT', 'llm prompt engineering', 'snowflake']",Full time,"Noida, India",4-6 Years
388,Machine Learning Engineer,Sr. Machine Learning Engineer (WFH),Uplers,"['ChatGPT', 'llm prompt engineering', 'snowflake']",Full time,"Noida, India",6-8 Years
389,Machine Learning Engineer,Senior Machine Learning Developer- WFH,Uplers,"['Large Language Model (LLM)', 'Machine Learning']",Full time,"Pune, India",7-9 Years
390,Machine Learning Engineer,Machine Learning Engineer,Askexim Services,"['Machine Learning', 'Pyspark', 'Python', 'Scala']",Full time,"Bengaluru / Bangalore, Pune",3-6 Years
391,Machine Learning Engineer,Machine Learning Engineer,Apple,"['PyPorch', 'GPT', 'R', 'BERT', 'Airflow', 'Notebooks']",Full time,"Hyderabad / Secunderabad, Telangana, India",4-6 Years
392,Machine Learning Engineer,Sr Machine Learning Engineer,servicenow,"['BI technologies', 'Customer', 'Sales', 'Product']",Full time,"Hyderabad / Secunderabad, Telangana, India",5-7 Years
393,Machine Learning Engineer,Machine Learning Engineer | ChatGPT,Uplers,"['ChatGPT', 'llm prompt engineering', 'snowflake']",Full time,"Hyderabad / Secunderabad, Telangana, India",6-8 Years
394,Machine Learning Engineer,Machine Learning/Deep Learning Engineer With C++,Mirafra Software Technologies Private Limited,"['Machine Learning', 'Deep Learning', 'Artificial Intelligence']",Full time,"Hyderabad / Secunderabad, Telangana",2-5 Years
395,Machine Learning Engineer,Machine Learning,E-Solution India,"['mobile robotics', 'Robotics', 'Nvidia', 'TFlite']",Full time,Bengaluru / Bangalore,2-12 Years
396,Machine Learning Engineer,Machine Learning Ops Engineer,LTIMindtree Limited,"['Automation CI/CD', 'Machine Learning', 'Gcp']",Full time,"Bengaluru / Bangalore, Mumbai",7-12 Years
397,Machine Learning Engineer,Urgent Hiring MLE (Machine Learning Engineer),Capgemini Technology Services India Limited,['MLE'],Full time,"Hyderabad / Secunderabad, Telangana, Kolkata",3-8 Years
398,Machine Learning Engineer,Machine Learning Engineering Lead,Uplers,"['Large Language Model (LLM)', 'Machine Learning']",Full time,"Bengaluru / Bangalore, India",7-9 Years
399,Machine Learning Engineer,ML Developer,Uplers,"['Large Language Model (LLM)', 'Machine Learning']",Full time,"Bengaluru / Bangalore, India",7-9 Years
400,Machine Learning Engineer,Machine Learning Developer,Uplers,"['Large Language Model (LLM)', 'Machine Learning']",Full time,"Bengaluru / Bangalore, India",7-9 Years
401,Machine Learning Engineer,Senior Machine Learning Engineer,Uplers,"['Large Language Model (LLM)', 'Machine Learning']",Full time,"Bengaluru / Bangalore, India",7-9 Years
402,Machine Learning Engineer,Machine Learning Engineer II,Uplers,[],Full time,"Hyderabad / Secunderabad, Telangana, India",Fresher
403,Machine Learning Engineer,Machine Learning Solution engineer,Uplers,"['Large Language Model (LLM)', 'Machine Learning']",Full time,"Bengaluru / Bangalore, India",7-9 Years
404,Machine Learning Engineer,"MLOps Engineer II, Amazon",Amazon Music,"['ci/cd', 'Machine Learning', 'unix', 'Data Science']",Full time,India,2-4 Years
405,Machine Learning Engineer,Sr Machine Learning Quality Engineer,servicenow,"['code tuning', 'Profiling', 'Java', 'Unit Testing']",Full time,"Hyderabad / Secunderabad, Telangana, India",5-7 Years
406,Machine Learning Engineer,"MLOps Engineer III, Amazon",Amazon Music,"['infrastructure-as-code', 'cloud platforms', 'Machine Learning']",Full time,India,2-4 Years
407,Machine Learning Engineer,"MLOps Engineer II, Amazon",Amazon Music,"['ci/cd', 'Machine Learning', 'unix', 'Data Science']",Full time,India,2-4 Years
408,Machine Learning Engineer,Machine Learning Engineer,A.P. Moller - Maersk,"['scikit-learn', 'Statistical Techniques', 'Classification']",Full time,"Bengaluru / Bangalore, India",2-4 Years
409,Machine Learning Engineer,Machine Learning Engineer,ExxonMobil,"['MLflow', 'Classification', 'Regression', 'C', 'Databricks']",Full time,"Bengaluru / Bangalore, India",3-7 Years
410,Machine Learning Engineer,AI and Machine Learning Engineer IV,Hewlett Packard Enterprise,"['Python', 'Sql', 'Java', 'Data Warehousing', 'Hadoop']",Full time,"Bengaluru / Bangalore, India",0-10 Years
411,Machine Learning Engineer,Sr. ML Engineer,Uplers,"['Large Language Model (LLM)', 'Machine Learning']",Full time,"Bengaluru / Bangalore, India",7-9 Years
412,Machine Learning Engineer,Machine Learning Specialist,Uplers,"['Large Language Model (LLM)', 'Machine Learning']",Full time,"Bengaluru / Bangalore, India",7-9 Years
413,Machine Learning Engineer,Machine Learning Engineer,Sciente Consulting,"['Machine Learning', 'Python', 'Spark', 'Gcp']","Contract Job, Part time",Bengaluru / Bangalore,2-9 Years
414,Machine Learning Engineer,Sr Platform Engineer Machine Learning,Edu Angels India Private Limited,"['""Machine Learning""', 'Platform', 'Python', 'Docker']",Full time,Mumbai,3-8 Years
415,Machine Learning Engineer,AI Engineer,True Tech Professionals Private Limited,"['Llm', 'Data Scientist', 'Nlp']",Full time,Gurgaon / Gurugram,4-7 Years
